site,year,species,latitude,longitude,min_depth,max_depth,abundance,site_id
site_54.32_11.55,1984,Abra alba,54.32,11.55,25.0,25.0,22.0,S0
site_54.32_11.55,1984,Arctica islandica,54.32,11.55,25.0,25.0,27.0,S0
site_54.32_11.55,1984,Bylgides sarsi,54.32,11.55,25.0,25.0,9.0,S0
site_54.32_11.55,1984,Corbula gibba,54.32,11.55,25.0,25.0,35.0,S0
site_54.32_11.55,1984,Diastylis rathkei,54.32,11.55,25.0,25.0,40.0,S0
site_54.32_11.55,1984,Halicryptus spinulosus,54.32,11.55,25.0,25.0,57.0,S0
site_54.32_11.55,1984,Heteromastus filiformis,54.32,11.55,25.0,25.0,22.0,S0
site_54.32_11.55,1984,Lagis koreni,54.32,11.55,25.0,25.0,18.0,S0
site_54.32_11.55,1984,Nephtys ciliata,54.32,11.55,25.0,25.0,5.0,S0
site_54.32_11.55,1984,Paraonis fulgens,54.32,11.55,25.0,25.0,5.0,S0
site_54.32_11.55,1984,Phaxas pellucidus,54.32,11.55,25.0,25.0,5.0,S0
site_54.32_11.55,1984,Polydora (Polydora) quadrilobata,54.32,11.55,25.0,25.0,5.0,S0
site_54.32_11.55,1984,Priapulus caudatus,54.32,11.55,25.0,25.0,5.0,S0
site_54.32_11.55,1985,Abra alba,54.32,11.55,25.0,25.0,11.0,S0
site_54.32_11.55,1985,Arctica islandica,54.32,11.55,25.0,25.0,34.0,S0
site_54.32_11.55,1985,Bylgides sarsi,54.32,11.55,25.0,25.0,4.5,S0
site_54.32_11.55,1985,Corbula gibba,54.32,11.55,25.0,25.0,48.0,S0
site_54.32_11.55,1985,Diastylis rathkei,54.32,11.55,25.0,25.0,20.0,S0
site_54.32_11.55,1985,Halicryptus spinulosus,54.32,11.55,25.0,25.0,31.5,S0
site_54.32_11.55,1985,Heteromastus filiformis,54.32,11.55,25.0,25.0,40.0,S0
site_54.32_11.55,1985,Lagis koreni,54.32,11.55,25.0,25.0,9.0,S0
site_54.32_11.55,1985,Nephtys ciliata,54.32,11.55,25.0,25.0,2.5,S0
site_54.32_11.55,1985,Paraonis fulgens,54.32,11.55,25.0,25.0,2.5,S0
site_54.32_11.55,1985,Phaxas pellucidus,54.32,11.55,25.0,25.0,2.5,S0
site_54.32_11.55,1985,Polydora (Polydora) quadrilobata,54.32,11.55,25.0,25.0,2.5,S0
site_54.32_11.55,1985,Priapulus caudatus,54.32,11.55,25.0,25.0,2.5,S0
site_54.32_11.55,1985,Nephtys hombergii,54.32,11.55,25.0,25.0,4.5,S0
site_54.32_11.55,1985,Trochochaeta multisetosa,54.32,11.55,25.0,25.0,7.5,S0
site_54.32_11.55,1986,Arctica islandica,54.32,11.55,25.0,25.0,41.0,S0
site_54.32_11.55,1986,Corbula gibba,54.32,11.55,25.0,25.0,61.0,S0
site_54.32_11.55,1986,Halicryptus spinulosus,54.32,11.55,25.0,25.0,6.0,S0
site_54.32_11.55,1986,Heteromastus filiformis,54.32,11.55,25.0,25.0,58.0,S0
site_54.32_11.55,1986,Nephtys hombergii,54.32,11.55,25.0,25.0,9.0,S0
site_54.32_11.55,1986,Trochochaeta multisetosa,54.32,11.55,25.0,25.0,15.0,S0
site_54.32_11.55,1987,Arctica islandica,54.32,11.55,25.0,25.0,45.5,S0
site_54.32_11.55,1987,Corbula gibba,54.32,11.55,25.0,25.0,38.0,S0
site_54.32_11.55,1987,Halicryptus spinulosus,54.32,11.55,25.0,25.0,6.0,S0
site_54.32_11.55,1987,Heteromastus filiformis,54.32,11.55,25.0,25.0,120.0,S0
site_54.32_11.55,1987,Nephtys hombergii,54.32,11.55,25.0,25.0,10.5,S0
site_54.32_11.55,1987,Trochochaeta multisetosa,54.32,11.55,25.0,25.0,10.5,S0
site_54.32_11.55,1987,Abra alba,54.32,11.55,25.0,25.0,33.5,S0
site_54.32_11.55,1987,Ampharete baltica,54.32,11.55,25.0,25.0,6.0,S0
site_54.32_11.55,1987,Bylgides sarsi,54.32,11.55,25.0,25.0,16.0,S0
site_54.32_11.55,1987,Capitella capitata,54.32,11.55,25.0,25.0,1.5,S0
site_54.32_11.55,1987,Diastylis rathkei,54.32,11.55,25.0,25.0,12.0,S0
site_54.32_11.55,1987,Lagis koreni,54.32,11.55,25.0,25.0,1.5,S0
site_54.32_11.55,1987,Macoma balthica,54.32,11.55,25.0,25.0,3.0,S0
site_54.32_11.55,1987,Metridium senile,54.32,11.55,25.0,25.0,1.5,S0
site_54.32_11.55,1987,Pholoe,54.32,11.55,25.0,25.0,8.5,S0
site_54.32_11.55,1987,Polydora (Polydora) quadrilobata,54.32,11.55,25.0,25.0,1.5,S0
site_54.32_11.55,1987,Priapulus caudatus,54.32,11.55,25.0,25.0,1.5,S0
site_54.32_11.55,1987,Scoloplos armiger,54.32,11.55,25.0,25.0,19.0,S0
site_54.32_11.55,1988,Abra alba,54.32,11.55,25.0,25.0,67.0,S0
site_54.32_11.55,1988,Ampharete baltica,54.32,11.55,25.0,25.0,12.0,S0
site_54.32_11.55,1988,Arctica islandica,54.32,11.55,25.0,25.0,50.0,S0
site_54.32_11.55,1988,Bylgides sarsi,54.32,11.55,25.0,25.0,32.0,S0
site_54.32_11.55,1988,Capitella capitata,54.32,11.55,25.0,25.0,3.0,S0
site_54.32_11.55,1988,Corbula gibba,54.32,11.55,25.0,25.0,15.0,S0
site_54.32_11.55,1988,Diastylis rathkei,54.32,11.55,25.0,25.0,24.0,S0
site_54.32_11.55,1988,Halicryptus spinulosus,54.32,11.55,25.0,25.0,6.0,S0
site_54.32_11.55,1988,Heteromastus filiformis,54.32,11.55,25.0,25.0,182.0,S0
site_54.32_11.55,1988,Lagis koreni,54.32,11.55,25.0,25.0,3.0,S0
site_54.32_11.55,1988,Macoma balthica,54.32,11.55,25.0,25.0,6.0,S0
site_54.32_11.55,1988,Metridium senile,54.32,11.55,25.0,25.0,3.0,S0
site_54.32_11.55,1988,Nephtys hombergii,54.32,11.55,25.0,25.0,12.0,S0
site_54.32_11.55,1988,Pholoe,54.32,11.55,25.0,25.0,17.0,S0
site_54.32_11.55,1988,Polydora (Polydora) quadrilobata,54.32,11.55,25.0,25.0,3.0,S0
site_54.32_11.55,1988,Priapulus caudatus,54.32,11.55,25.0,25.0,3.0,S0
site_54.32_11.55,1988,Scoloplos armiger,54.32,11.55,25.0,25.0,38.0,S0
site_54.32_11.55,1988,Trochochaeta multisetosa,54.32,11.55,25.0,25.0,6.0,S0
site_54.32_11.55,1989,Arctica islandica,54.32,11.55,25.0,25.0,97.0,S0
site_54.32_11.55,1989,Bylgides sarsi,54.32,11.55,25.0,25.0,3.0,S0
site_54.32_11.55,1989,Cerastoderma glaucum,54.32,11.55,25.0,25.0,131.0,S0
site_54.32_11.55,1989,Corbula gibba,54.32,11.55,25.0,25.0,3.0,S0
site_54.32_11.55,1989,Diastylis rathkei,54.32,11.55,25.0,25.0,30.0,S0
site_54.32_11.55,1989,Gastrosaccus spinifer,54.32,11.55,25.0,25.0,17.0,S0
site_54.32_11.55,1989,Halicryptus spinulosus,54.32,11.55,25.0,25.0,3.0,S0
site_54.32_11.55,1989,Heteromastus filiformis,54.32,11.55,25.0,25.0,148.0,S0
site_54.32_11.55,1989,Mysella bidentata,54.32,11.55,25.0,25.0,33.0,S0
site_54.32_11.55,1989,Nephtys,54.32,11.55,25.0,25.0,3.0,S0
site_54.32_11.55,1989,Nephtys hombergii,54.32,11.55,25.0,25.0,20.0,S0
site_54.32_11.55,1989,Pholoe,54.32,11.55,25.0,25.0,3.0,S0
site_54.32_11.55,1989,Polydora ciliata,54.32,11.55,25.0,25.0,185.0,S0
site_54.32_11.55,1989,Priapulus caudatus,54.32,11.55,25.0,25.0,3.0,S0
site_54.32_11.55,1990,Arctica islandica,54.32,11.55,25.0,25.0,29.0,S0
site_54.32_11.55,1990,Bylgides sarsi,54.32,11.55,25.0,25.0,3.0,S0
site_54.32_11.55,1990,Corbula gibba,54.32,11.55,25.0,25.0,47.0,S0
site_54.32_11.55,1990,Crangon crangon,54.32,11.55,25.0,25.0,9.0,S0
site_54.32_11.55,1990,Diastylis rathkei,54.32,11.55,25.0,25.0,94.0,S0
site_54.32_11.55,1990,Halicryptus spinulosus,54.32,11.55,25.0,25.0,6.0,S0
site_54.32_11.55,1990,Heteromastus filiformis,54.32,11.55,25.0,25.0,41.0,S0
site_54.32_11.55,1990,Lagis koreni,54.32,11.55,25.0,25.0,88.0,S0
site_54.32_11.55,1990,Levinsenia gracilis,54.32,11.55,25.0,25.0,3.0,S0
site_54.32_11.55,1990,Mya arenaria,54.32,11.55,25.0,25.0,9.0,S0
site_54.32_11.55,1990,Mysella bidentata,54.32,11.55,25.0,25.0,9.0,S0
site_54.32_11.55,1990,Nephtys,54.32,11.55,25.0,25.0,3.0,S0
site_54.32_11.55,1990,Nephtys hombergii,54.32,11.55,25.0,25.0,15.0,S0
site_54.32_11.55,1990,Polydora (Polydora) quadrilobata,54.32,11.55,25.0,25.0,6.0,S0
site_54.32_11.55,1990,Polydora ciliata,54.32,11.55,25.0,25.0,9.0,S0
site_54.32_11.55,1991,Abra alba,54.32,11.55,25.0,25.0,158.0,S0
site_54.32_11.55,1991,Arctica islandica,54.32,11.55,25.0,25.0,18.0,S0
site_54.32_11.55,1991,Bylgides sarsi,54.32,11.55,25.0,25.0,9.0,S0
site_54.32_11.55,1991,Corbula gibba,54.32,11.55,25.0,25.0,58.0,S0
site_54.32_11.55,1991,Diastylis rathkei,54.32,11.55,25.0,25.0,6.0,S0
site_54.32_11.55,1991,Heteromastus filiformis,54.32,11.55,25.0,25.0,6.0,S0
site_54.32_11.55,1991,Lagis koreni,54.32,11.55,25.0,25.0,29.0,S0
site_54.32_11.55,1991,Mytilus edulis,54.32,11.55,25.0,25.0,3.0,S0
site_54.32_11.55,1991,Nephtys hombergii,54.32,11.55,25.0,25.0,26.0,S0
site_54.32_11.55,1991,Oligochaeta,54.32,11.55,25.0,25.0,3.0,S0
site_54.32_11.55,1991,Trochochaeta multisetosa,54.32,11.55,25.0,25.0,6.0,S0
site_54.32_11.55,1992,Arctica islandica,54.32,11.55,25.0,25.0,43.0,S0
site_54.32_11.55,1992,Corbula gibba,54.32,11.55,25.0,25.0,111.0,S0
site_54.32_11.55,1992,Crangon crangon,54.32,11.55,25.0,25.0,2.0,S0
site_54.32_11.55,1992,Diastylis rathkei,54.32,11.55,25.0,25.0,11.0,S0
site_54.32_11.55,1992,Gastrosaccus spinifer,54.32,11.55,25.0,25.0,4.0,S0
site_54.32_11.55,1992,Halicryptus spinulosus,54.32,11.55,25.0,25.0,4.0,S0
site_54.32_11.55,1992,Polydora,54.32,11.55,25.0,25.0,319.0,S0
site_54.32_11.55,1992,Saduria entomon,54.32,11.55,25.0,25.0,2.0,S0
site_54.32_11.55,1993,Ampharete baltica,54.32,11.55,25.0,25.0,6.0,S0
site_54.32_11.55,1993,Arctica islandica,54.32,11.55,25.0,25.0,57.0,S0
site_54.32_11.55,1993,Corbula gibba,54.32,11.55,25.0,25.0,31.0,S0
site_54.32_11.55,1993,Corophium volutator,54.32,11.55,25.0,25.0,3.0,S0
site_54.32_11.55,1993,Diastylis rathkei,54.32,11.55,25.0,25.0,9.0,S0
site_54.32_11.55,1993,Gastrosaccus spinifer,54.32,11.55,25.0,25.0,3.0,S0
site_54.32_11.55,1993,Halicryptus spinulosus,54.32,11.55,25.0,25.0,25.0,S0
site_54.32_11.55,1993,Hydrobia ulvae,54.32,11.55,25.0,25.0,25.0,S0
site_54.32_11.55,1993,Microdeutopus gryllotalpa,54.32,11.55,25.0,25.0,3.0,S0
site_54.32_11.55,1993,Mysella bidentata,54.32,11.55,25.0,25.0,3.0,S0
site_54.32_11.55,1993,Mytilus edulis,54.32,11.55,25.0,25.0,3.0,S0
site_54.32_11.55,1993,Nephtys caeca,54.32,11.55,25.0,25.0,3.0,S0
site_54.32_11.55,1993,Polydora,54.32,11.55,25.0,25.0,160.0,S0
site_54.32_11.55,1993,Pygospio elegans,54.32,11.55,25.0,25.0,9.0,S0
site_54.32_11.55,1994,Abra alba,54.32,11.55,25.0,25.0,384.0,S0
site_54.32_11.55,1994,Ampharete acutifrons,54.32,11.55,25.0,25.0,22.0,S0
site_54.32_11.55,1994,Arctica islandica,54.32,11.55,25.0,25.0,85.0,S0
site_54.32_11.55,1994,Bylgides sarsi,54.32,11.55,25.0,25.0,19.0,S0
site_54.32_11.55,1994,Capitella capitata,54.32,11.55,25.0,25.0,14.0,S0
site_54.32_11.55,1994,Corbula gibba,54.32,11.55,25.0,25.0,63.0,S0
site_54.32_11.55,1994,Diastylis rathkei,54.32,11.55,25.0,25.0,104.0,S0
site_54.32_11.55,1994,Gastrosaccus spinifer,54.32,11.55,25.0,25.0,6.0,S0
site_54.32_11.55,1994,Halicryptus spinulosus,54.32,11.55,25.0,25.0,22.0,S0
site_54.32_11.55,1994,Heteromastus filiformis,54.32,11.55,25.0,25.0,31.0,S0
site_54.32_11.55,1994,Lagis koreni,54.32,11.55,25.0,25.0,730.0,S0
site_54.32_11.55,1994,Mya arenaria,54.32,11.55,25.0,25.0,6.0,S0
site_54.32_11.55,1994,Mytilus edulis,54.32,11.55,25.0,25.0,3.0,S0
site_54.32_11.55,1994,Nephtys hombergii,54.32,11.55,25.0,25.0,19.0,S0
site_54.32_11.55,1994,Phyllodoce (Anaitides) mucosa,54.32,11.55,25.0,25.0,16.0,S0
site_54.32_11.55,1994,Polydora ciliata,54.32,11.55,25.0,25.0,138.0,S0
site_54.32_11.55,1994,Scoloplos armiger,54.32,11.55,25.0,25.0,25.0,S0
site_54.32_11.55,1994,Trochochaeta multisetosa,54.32,11.55,25.0,25.0,13.0,S0
site_54.32_11.55,1995,Arctica islandica,54.32,11.55,25.0,25.0,60.0,S0
site_54.32_11.55,1995,Bylgides sarsi,54.32,11.55,25.0,25.0,3.0,S0
site_54.32_11.55,1995,Corbula gibba,54.32,11.55,25.0,25.0,13.0,S0
site_54.32_11.55,1995,Diastylis rathkei,54.32,11.55,25.0,25.0,31.0,S0
site_54.32_11.55,1995,Gastrosaccus spinifer,54.32,11.55,25.0,25.0,9.0,S0
site_54.32_11.55,1995,Halicryptus spinulosus,54.32,11.55,25.0,25.0,19.0,S0
site_54.32_11.55,1995,Heteromastus filiformis,54.32,11.55,25.0,25.0,22.0,S0
site_54.32_11.55,1995,Nephtys hombergii,54.32,11.55,25.0,25.0,6.0,S0
site_54.32_11.55,1995,Paraonis fulgens,54.32,11.55,25.0,25.0,6.0,S0
site_54.32_11.55,1995,Polydora (Polydora) quadrilobata,54.32,11.55,25.0,25.0,3.0,S0
site_54.32_11.55,1995,Polydora ciliata,54.32,11.55,25.0,25.0,66.0,S0
site_54.32_11.55,1996,Arctica islandica,54.32,11.55,25.0,25.0,67.0,S0
site_54.32_11.55,1996,Bylgides sarsi,54.32,11.55,25.0,25.0,10.0,S0
site_54.32_11.55,1996,Corbula gibba,54.32,11.55,25.0,25.0,9.5,S0
site_54.32_11.55,1996,Diastylis rathkei,54.32,11.55,25.0,25.0,582.5,S0
site_54.32_11.55,1996,Gastrosaccus spinifer,54.32,11.55,25.0,25.0,5.5,S0
site_54.32_11.55,1996,Halicryptus spinulosus,54.32,11.55,25.0,25.0,14.0,S0
site_54.32_11.55,1996,Heteromastus filiformis,54.32,11.55,25.0,25.0,124.0,S0
site_54.32_11.55,1996,Nephtys hombergii,54.32,11.55,25.0,25.0,16.0,S0
site_54.32_11.55,1996,Paraonis fulgens,54.32,11.55,25.0,25.0,6.0,S0
site_54.32_11.55,1996,Polydora (Polydora) quadrilobata,54.32,11.55,25.0,25.0,8.0,S0
site_54.32_11.55,1996,Polydora ciliata,54.32,11.55,25.0,25.0,33.0,S0
site_54.32_11.55,1996,Abra alba,54.32,11.55,25.0,25.0,139.5,S0
site_54.32_11.55,1996,Ampharete acutifrons,54.32,11.55,25.0,25.0,6.5,S0
site_54.32_11.55,1996,Ampharete baltica,54.32,11.55,25.0,25.0,1.0,S0
site_54.32_11.55,1996,Eteone longa,54.32,11.55,25.0,25.0,1.0,S0
site_54.32_11.55,1996,Euchone papillosa,54.32,11.55,25.0,25.0,4.0,S0
site_54.32_11.55,1996,Hydrobia ulvae,54.32,11.55,25.0,25.0,1.0,S0
site_54.32_11.55,1996,Idotea balthica,54.32,11.55,25.0,25.0,1.0,S0
site_54.32_11.55,1996,Lagis koreni,54.32,11.55,25.0,25.0,69.0,S0
site_54.32_11.55,1996,Macoma balthica,54.32,11.55,25.0,25.0,18.0,S0
site_54.32_11.55,1996,Nemertina,54.32,11.55,25.0,25.0,4.0,S0
site_54.32_11.55,1996,Nephtys ciliata,54.32,11.55,25.0,25.0,4.5,S0
site_54.32_11.55,1996,Parvicardium ovale,54.32,11.55,25.0,25.0,1.0,S0
site_54.32_11.55,1996,Pherusa plumosa,54.32,11.55,25.0,25.0,3.0,S0
site_54.32_11.55,1996,Pholoe assimilis,54.32,11.55,25.0,25.0,3.0,S0
site_54.32_11.55,1996,Phyllodoce (Anaitides) mucosa,54.32,11.55,25.0,25.0,7.5,S0
site_54.32_11.55,1996,Pontoporeia femorata,54.32,11.55,25.0,25.0,6.5,S0
site_54.32_11.55,1996,Scoloplos armiger,54.32,11.55,25.0,25.0,77.5,S0
site_54.32_11.55,1996,Terebellides stroemii,54.32,11.55,25.0,25.0,24.5,S0
site_54.32_11.55,1996,Trochochaeta multisetosa,54.32,11.55,25.0,25.0,4.5,S0
site_54.32_11.55,1997,Abra alba,54.32,11.55,25.0,25.0,279.0,S0
site_54.32_11.55,1997,Ampharete acutifrons,54.32,11.55,25.0,25.0,13.0,S0
site_54.32_11.55,1997,Ampharete baltica,54.32,11.55,25.0,25.0,2.0,S0
site_54.32_11.55,1997,Arctica islandica,54.32,11.55,25.0,25.0,74.0,S0
site_54.32_11.55,1997,Bylgides sarsi,54.32,11.55,25.0,25.0,17.0,S0
site_54.32_11.55,1997,Corbula gibba,54.32,11.55,25.0,25.0,6.0,S0
site_54.32_11.55,1997,Diastylis rathkei,54.32,11.55,25.0,25.0,1134.0,S0
site_54.32_11.55,1997,Eteone longa,54.32,11.55,25.0,25.0,2.0,S0
site_54.32_11.55,1997,Euchone papillosa,54.32,11.55,25.0,25.0,8.0,S0
site_54.32_11.55,1997,Gastrosaccus spinifer,54.32,11.55,25.0,25.0,2.0,S0
site_54.32_11.55,1997,Halicryptus spinulosus,54.32,11.55,25.0,25.0,9.0,S0
site_54.32_11.55,1997,Heteromastus filiformis,54.32,11.55,25.0,25.0,226.0,S0
site_54.32_11.55,1997,Hydrobia ulvae,54.32,11.55,25.0,25.0,2.0,S0
site_54.32_11.55,1997,Idotea balthica,54.32,11.55,25.0,25.0,2.0,S0
site_54.32_11.55,1997,Lagis koreni,54.32,11.55,25.0,25.0,138.0,S0
site_54.32_11.55,1997,Macoma balthica,54.32,11.55,25.0,25.0,36.0,S0
site_54.32_11.55,1997,Nemertina,54.32,11.55,25.0,25.0,8.0,S0
site_54.32_11.55,1997,Nephtys ciliata,54.32,11.55,25.0,25.0,9.0,S0
site_54.32_11.55,1997,Nephtys hombergii,54.32,11.55,25.0,25.0,26.0,S0
site_54.32_11.55,1997,Paraonis fulgens,54.32,11.55,25.0,25.0,6.0,S0
site_54.32_11.55,1997,Parvicardium ovale,54.32,11.55,25.0,25.0,2.0,S0
site_54.32_11.55,1997,Pherusa plumosa,54.32,11.55,25.0,25.0,6.0,S0
site_54.32_11.55,1997,Pholoe assimilis,54.32,11.55,25.0,25.0,6.0,S0
site_54.32_11.55,1997,Phyllodoce (Anaitides) mucosa,54.32,11.55,25.0,25.0,15.0,S0
site_54.32_11.55,1997,Polydora (Polydora) quadrilobata,54.32,11.55,25.0,25.0,13.0,S0
site_54.32_11.55,1997,Pontoporeia femorata,54.32,11.55,25.0,25.0,13.0,S0
site_54.32_11.55,1997,Scoloplos armiger,54.32,11.55,25.0,25.0,155.0,S0
site_54.32_11.55,1997,Terebellides stroemii,54.32,11.55,25.0,25.0,49.0,S0
site_54.32_11.55,1997,Trochochaeta multisetosa,54.32,11.55,25.0,25.0,9.0,S0
site_54.32_11.55,1998,Abra alba,54.32,11.55,50.0,50.0,707.0,S0
site_54.32_11.55,1998,Ampharete acutifrons,54.32,11.55,25.0,25.0,3.0,S0
site_54.32_11.55,1998,Arctica islandica,54.32,11.55,50.0,50.0,82.0,S0
site_54.32_11.55,1998,Bylgides sarsi,54.32,11.55,50.0,50.0,34.0,S0
site_54.32_11.55,1998,Corbula gibba,54.32,11.55,25.0,25.0,6.0,S0
site_54.32_11.55,1998,Diastylis rathkei,54.32,11.55,50.0,50.0,474.0,S0
site_54.32_11.55,1998,Euchone papillosa,54.32,11.55,25.0,25.0,85.0,S0
site_54.32_11.55,1998,Gonothyraea loveni,54.32,11.55,25.0,25.0,1.0,S0
site_54.32_11.55,1998,Halicryptus spinulosus,54.32,11.55,25.0,25.0,3.0,S0
site_54.32_11.55,1998,Heteromastus filiformis,54.32,11.55,50.0,50.0,230.0,S0
site_54.32_11.55,1998,Lagis koreni,54.32,11.55,50.0,50.0,32.0,S0
site_54.32_11.55,1998,Macoma balthica,54.32,11.55,50.0,50.0,48.0,S0
site_54.32_11.55,1998,Mytilus edulis,54.32,11.55,25.0,25.0,3.0,S0
site_54.32_11.55,1998,Nemertina,54.32,11.55,25.0,25.0,9.0,S0
site_54.32_11.55,1998,Nephtys ciliata,54.32,11.55,50.0,50.0,25.0,S0
site_54.32_11.55,1998,Nephtys hombergii,54.32,11.55,50.0,50.0,9.0,S0
site_54.32_11.55,1998,Opercularella pumila,54.32,11.55,25.0,25.0,1.0,S0
site_54.32_11.55,1998,Pholoe assimilis,54.32,11.55,25.0,25.0,3.0,S0
site_54.32_11.55,1998,Pholoe baltica,54.32,11.55,50.0,50.0,9.0,S0
site_54.32_11.55,1998,Phyllodoce (Anaitides) mucosa,54.32,11.55,25.0,25.0,3.0,S0
site_54.32_11.55,1998,Polydora (Polydora) quadrilobata,54.32,11.55,50.0,50.0,16.0,S0
site_54.32_11.55,1998,Polydora ciliata,54.32,11.55,25.0,25.0,6.0,S0
site_54.32_11.55,1998,Pontoporeia femorata,54.32,11.55,25.0,25.0,3.0,S0
site_54.32_11.55,1998,Scalibregma inflatum,54.32,11.55,25.0,25.0,3.0,S0
site_54.32_11.55,1998,Scoloplos armiger,54.32,11.55,50.0,50.0,50.0,S0
site_54.32_11.55,1998,Terebellides stroemii,54.32,11.55,50.0,50.0,333.0,S0
site_54.32_11.55,1998,Trochochaeta multisetosa,54.32,11.55,25.0,25.0,88.0,S0
site_54.32_11.55,1999,Abra alba,54.32,11.55,25.0,25.0,107.0,S0
site_54.32_11.55,1999,Arctica islandica,54.32,11.55,25.0,25.0,119.0,S0
site_54.32_11.55,1999,Asterias rubens,54.32,11.55,25.0,25.0,1.0,S0
site_54.32_11.55,1999,Bylgides sarsi,54.32,11.55,25.0,25.0,16.0,S0
site_54.32_11.55,1999,Corbula gibba,54.32,11.55,25.0,25.0,1.0,S0
site_54.32_11.55,1999,Diastylis rathkei,54.32,11.55,25.0,25.0,25.0,S0
site_54.32_11.55,1999,Euchone papillosa,54.32,11.55,25.0,25.0,41.0,S0
site_54.32_11.55,1999,Halicryptus spinulosus,54.32,11.55,25.0,25.0,3.0,S0
site_54.32_11.55,1999,Heteromastus filiformis,54.32,11.55,25.0,25.0,79.0,S0
site_54.32_11.55,1999,Macoma balthica,54.32,11.55,25.0,25.0,9.0,S0
site_54.32_11.55,1999,Malacobdella grossa,54.32,11.55,25.0,25.0,3.0,S0
site_54.32_11.55,1999,Nephtys ciliata,54.32,11.55,25.0,25.0,19.0,S0
site_54.32_11.55,1999,Nephtys hombergii,54.32,11.55,25.0,25.0,3.0,S0
site_54.32_11.55,1999,Opercularella pumila,54.32,11.55,25.0,25.0,1.0,S0
site_54.32_11.55,1999,Paraonis fulgens,54.32,11.55,25.0,25.0,3.0,S0
site_54.32_11.55,1999,Phyllodoce (Anaitides) mucosa,54.32,11.55,25.0,25.0,1.0,S0
site_54.32_11.55,1999,Terebellides stroemii,54.32,11.55,25.0,25.0,189.0,S0
site_54.32_11.55,1999,Trochochaeta multisetosa,54.32,11.55,25.0,25.0,16.0,S0
site_54.32_11.55,2000,Abra alba,54.32,11.55,50.0,50.0,2638.0,S0
site_54.32_11.55,2000,Ampharete acutifrons,54.32,11.55,25.0,25.0,3.0,S0
site_54.32_11.55,2000,Arctica islandica,54.32,11.55,50.0,50.0,178.0,S0
site_54.32_11.55,2000,Bylgides sarsi,54.32,11.55,25.0,25.0,31.0,S0
site_54.32_11.55,2000,Cirrophorus eliasoni,54.32,11.55,25.0,25.0,3.0,S0
site_54.32_11.55,2000,Corbula gibba,54.32,11.55,25.0,25.0,3.0,S0
site_54.32_11.55,2000,Diastylis rathkei,54.32,11.55,50.0,50.0,332.0,S0
site_54.32_11.55,2000,Eteone longa,54.32,11.55,25.0,25.0,3.0,S0
site_54.32_11.55,2000,Euchone papillosa,54.32,11.55,25.0,25.0,9.0,S0
site_54.32_11.55,2000,Eucratea loricata,54.32,11.55,25.0,25.0,1.0,S0
site_54.32_11.55,2000,Heteromastus filiformis,54.32,11.55,50.0,50.0,458.0,S0
site_54.32_11.55,2000,Lagis koreni,54.32,11.55,25.0,25.0,3.0,S0
site_54.32_11.55,2000,Lineus ruber,54.32,11.55,50.0,50.0,15.0,S0
site_54.32_11.55,2000,Malacobdella grossa,54.32,11.55,25.0,25.0,3.0,S0
site_54.32_11.55,2000,Metridium senile,54.32,11.55,25.0,25.0,1.0,S0
site_54.32_11.55,2000,Mya truncata,54.32,11.55,25.0,25.0,3.0,S0
site_54.32_11.55,2000,Nemertina,54.32,11.55,50.0,50.0,9.0,S0
site_54.32_11.55,2000,Nephtys caeca,54.32,11.55,25.0,25.0,6.0,S0
site_54.32_11.55,2000,Nephtys ciliata,54.32,11.55,50.0,50.0,9.0,S0
site_54.32_11.55,2000,Nephtys hombergii,54.32,11.55,25.0,25.0,9.0,S0
site_54.32_11.55,2000,Ophiura albida,54.32,11.55,50.0,50.0,22.0,S0
site_54.32_11.55,2000,Pherusa plumosa,54.32,11.55,50.0,50.0,19.0,S0
site_54.32_11.55,2000,Pholoe assimilis,54.32,11.55,50.0,50.0,18.0,S0
site_54.32_11.55,2000,Pholoe inornata,54.32,11.55,25.0,25.0,3.0,S0
site_54.32_11.55,2000,Polydora (Polydora) quadrilobata,54.32,11.55,25.0,25.0,6.0,S0
site_54.32_11.55,2000,Scalibregma inflatum,54.32,11.55,25.0,25.0,12.0,S0
site_54.32_11.55,2000,Scoloplos armiger,54.32,11.55,50.0,50.0,28.0,S0
site_54.32_11.55,2000,Terebellides stroemii,54.32,11.55,50.0,50.0,1193.0,S0
site_54.32_11.55,2000,Trochochaeta multisetosa,54.32,11.55,50.0,50.0,208.0,S0
site_54.32_11.55,2001,Abra alba,54.32,11.55,25.0,25.0,1016.0,S0
site_54.32_11.55,2001,Ampharete baltica,54.32,11.55,25.0,25.0,13.0,S0
site_54.32_11.55,2001,Arctica islandica,54.32,11.55,25.0,25.0,119.0,S0
site_54.32_11.55,2001,Asterias rubens,54.32,11.55,25.0,25.0,1.0,S0
site_54.32_11.55,2001,Bylgides sarsi,54.32,11.55,25.0,25.0,28.0,S0
site_54.32_11.55,2001,Cephalothrix,54.32,11.55,25.0,25.0,6.0,S0
site_54.32_11.55,2001,Corbula gibba,54.32,11.55,25.0,25.0,6.0,S0
site_54.32_11.55,2001,Diastylis rathkei,54.32,11.55,25.0,25.0,318.0,S0
site_54.32_11.55,2001,Electra crustulenta,54.32,11.55,25.0,25.0,1.0,S0
site_54.32_11.55,2001,Eteone flava,54.32,11.55,25.0,25.0,3.0,S0
site_54.32_11.55,2001,Euchone papillosa,54.32,11.55,25.0,25.0,13.0,S0
site_54.32_11.55,2001,Eucratea loricata,54.32,11.55,25.0,25.0,1.0,S0
site_54.32_11.55,2001,Heteromastus filiformis,54.32,11.55,25.0,25.0,252.0,S0
site_54.32_11.55,2001,Lagis koreni,54.32,11.55,25.0,25.0,9.0,S0
site_54.32_11.55,2001,Lineus ruber,54.32,11.55,25.0,25.0,31.0,S0
site_54.32_11.55,2001,Metridium senile,54.32,11.55,25.0,25.0,1.0,S0
site_54.32_11.55,2001,Mysella bidentata,54.32,11.55,25.0,25.0,22.0,S0
site_54.32_11.55,2001,Nephtys caeca,54.32,11.55,25.0,25.0,6.0,S0
site_54.32_11.55,2001,Nephtys ciliata,54.32,11.55,25.0,25.0,6.0,S0
site_54.32_11.55,2001,Nephtys hombergii,54.32,11.55,25.0,25.0,16.0,S0
site_54.32_11.55,2001,Ophiura albida,54.32,11.55,25.0,25.0,6.0,S0
site_54.32_11.55,2001,Parvicardium ovale,54.32,11.55,25.0,25.0,3.0,S0
site_54.32_11.55,2001,Pherusa plumosa,54.32,11.55,25.0,25.0,1.0,S0
site_54.32_11.55,2001,Pholoe assimilis,54.32,11.55,25.0,25.0,22.0,S0
site_54.32_11.55,2001,Polydora (Polydora) quadrilobata,54.32,11.55,25.0,25.0,6.0,S0
site_54.32_11.55,2001,Pseudopolydora antennata,54.32,11.55,25.0,25.0,19.0,S0
site_54.32_11.55,2001,Scalibregma inflatum,54.32,11.55,25.0,25.0,3.0,S0
site_54.32_11.55,2001,Scoloplos armiger,54.32,11.55,25.0,25.0,88.0,S0
site_54.32_11.55,2001,Streptosyllis websteri,54.32,11.55,25.0,25.0,1.0,S0
site_54.32_11.55,2001,Terebellides stroemii,54.32,11.55,25.0,25.0,226.0,S0
site_54.32_11.55,2002,Actinia equina,54.32,11.55,25.0,25.0,3.0,S0
site_54.32_11.55,2002,Arctica islandica,54.32,11.55,25.0,25.0,63.0,S0
site_54.32_11.55,2002,Corbula gibba,54.32,11.55,25.0,25.0,1.0,S0
site_54.32_11.55,2002,Diastylis rathkei,54.32,11.55,25.0,25.0,9.0,S0
site_54.32_11.55,2002,Electra crustulenta,54.32,11.55,25.0,25.0,1.0,S0
site_54.32_11.55,2002,Halicryptus spinulosus,54.32,11.55,25.0,25.0,1.0,S0
site_54.32_11.55,2002,Heteromastus filiformis,54.32,11.55,25.0,25.0,3.0,S0
site_54.32_11.55,2003,Abra alba,54.32,11.55,25.0,25.0,135.0,S0
site_54.32_11.55,2003,Arctica islandica,54.32,11.55,25.0,25.0,28.0,S0
site_54.32_11.55,2003,Balanus crenatus,54.32,11.55,25.0,25.0,1.0,S0
site_54.32_11.55,2003,Bylgides sarsi,54.32,11.55,25.0,25.0,50.0,S0
site_54.32_11.55,2003,Callopora lineata,54.32,11.55,25.0,25.0,1.0,S0
site_54.32_11.55,2003,Capitella capitata,54.32,11.55,25.0,25.0,16.0,S0
site_54.32_11.55,2003,Diastylis rathkei,54.32,11.55,25.0,25.0,38.0,S0
site_54.32_11.55,2003,Electra crustulenta,54.32,11.55,25.0,25.0,1.0,S0
site_54.32_11.55,2003,Eucratea loricata,54.32,11.55,25.0,25.0,1.0,S0
site_54.32_11.55,2003,Gastrosaccus spinifer,54.32,11.55,25.0,25.0,3.0,S0
site_54.32_11.55,2003,Halicryptus spinulosus,54.32,11.55,25.0,25.0,28.0,S0
site_54.32_11.55,2003,Heteromastus filiformis,54.32,11.55,25.0,25.0,9.0,S0
site_54.32_11.55,2003,Lagis koreni,54.32,11.55,25.0,25.0,242.0,S0
site_54.32_11.55,2003,Mytilus edulis,54.32,11.55,25.0,25.0,1.0,S0
site_54.32_11.55,2003,Pherusa plumosa,54.32,11.55,25.0,25.0,6.0,S0
site_54.32_11.55,2003,Phyllodoce (Anaitides) mucosa,54.32,11.55,25.0,25.0,1.0,S0
site_54.32_11.55,2003,Polydora (Polydora) quadrilobata,54.32,11.55,25.0,25.0,19.0,S0
site_54.32_11.55,2003,Polydora caulleryi,54.32,11.55,25.0,25.0,16.0,S0
site_54.32_11.55,2003,Polydora ciliata,54.32,11.55,25.0,25.0,1.0,S0
site_54.32_11.55,2003,Priapulus caudatus,54.32,11.55,25.0,25.0,13.0,S0
site_54.32_11.55,2003,Pseudopolydora pulchra,54.32,11.55,25.0,25.0,3.0,S0
site_54.32_11.55,2003,Scoloplos armiger,54.32,11.55,25.0,25.0,13.0,S0
site_54.32_11.55,2003,Trochochaeta multisetosa,54.32,11.55,25.0,25.0,9.0,S0
site_54.32_11.55,2004,Abra alba,54.32,11.55,25.0,25.0,170.0,S0
site_54.32_11.55,2004,Ampharete baltica,54.32,11.55,25.0,25.0,3.0,S0
site_54.32_11.55,2004,Arctica islandica,54.32,11.55,25.0,25.0,44.0,S0
site_54.32_11.55,2004,Balanus crenatus,54.32,11.55,25.0,25.0,3.0,S0
site_54.32_11.55,2004,Bylgides sarsi,54.32,11.55,25.0,25.0,25.0,S0
site_54.32_11.55,2004,Corbula gibba,54.32,11.55,25.0,25.0,25.0,S0
site_54.32_11.55,2004,Diastylis rathkei,54.32,11.55,25.0,25.0,890.0,S0
site_54.32_11.55,2004,Euchone papillosa,54.32,11.55,25.0,25.0,3.0,S0
site_54.32_11.55,2004,Halicryptus spinulosus,54.32,11.55,25.0,25.0,44.0,S0
site_54.32_11.55,2004,Halitholus yoldiaarcticae,54.32,11.55,25.0,25.0,1.0,S0
site_54.32_11.55,2004,Harmothoe imbricata,54.32,11.55,25.0,25.0,1.0,S0
site_54.32_11.55,2004,Hartlaubella gelatinosa,54.32,11.55,25.0,25.0,1.0,S0
site_54.32_11.55,2004,Heteromastus filiformis,54.32,11.55,25.0,25.0,16.0,S0
site_54.32_11.55,2004,Lagis koreni,54.32,11.55,25.0,25.0,192.0,S0
site_54.32_11.55,2004,Lepidonotus squamatus,54.32,11.55,25.0,25.0,1.0,S0
site_54.32_11.55,2004,Musculus marmoratus,54.32,11.55,25.0,25.0,1.0,S0
site_54.32_11.55,2004,Mya arenaria,54.32,11.55,25.0,25.0,1.0,S0
site_54.32_11.55,2004,Mysella bidentata,54.32,11.55,25.0,25.0,145.0,S0
site_54.32_11.55,2004,Mytilus edulis,54.32,11.55,25.0,25.0,1.0,S0
site_54.32_11.55,2004,Nemertina,54.32,11.55,25.0,25.0,9.0,S0
site_54.32_11.55,2004,Nephtys ciliata,54.32,11.55,25.0,25.0,6.0,S0
site_54.32_11.55,2004,Nephtys hombergii,54.32,11.55,25.0,25.0,38.0,S0
site_54.32_11.55,2004,Nereimyra punctata,54.32,11.55,25.0,25.0,1.0,S0
site_54.32_11.55,2004,Oligochaeta,54.32,11.55,25.0,25.0,3.0,S0
site_54.32_11.55,2004,Ophiura albida,54.32,11.55,25.0,25.0,50.0,S0
site_54.32_11.55,2004,Paraonis fulgens,54.32,11.55,25.0,25.0,6.0,S0
site_54.32_11.55,2004,Parvicardium ovale,54.32,11.55,25.0,25.0,3.0,S0
site_54.32_11.55,2004,Phaxas pellucidus,54.32,11.55,25.0,25.0,3.0,S0
site_54.32_11.55,2004,Pherusa plumosa,54.32,11.55,25.0,25.0,1.0,S0
site_54.32_11.55,2004,Philine aperta,54.32,11.55,25.0,25.0,1.0,S0
site_54.32_11.55,2004,Pholoe assimilis,54.32,11.55,25.0,25.0,9.0,S0
site_54.32_11.55,2004,Pholoe baltica,54.32,11.55,25.0,25.0,6.0,S0
site_54.32_11.55,2004,Phyllodoce (Anaitides) maculata,54.32,11.55,25.0,25.0,1.0,S0
site_54.32_11.55,2004,Phyllodoce (Anaitides) mucosa,54.32,11.55,25.0,25.0,6.0,S0
site_54.32_11.55,2004,Polydora (Polydora) quadrilobata,54.32,11.55,25.0,25.0,6.0,S0
site_54.32_11.55,2004,Pseudopolydora antennata,54.32,11.55,25.0,25.0,1.0,S0
site_54.32_11.55,2004,Scalibregma inflatum,54.32,11.55,25.0,25.0,50.0,S0
site_54.32_11.55,2004,Scoloplos armiger,54.32,11.55,25.0,25.0,35.0,S0
site_54.32_11.55,2004,Trochochaeta multisetosa,54.32,11.55,25.0,25.0,13.0,S0
site_54.73_12.79,1984,Ampharete baltica,54.73,12.79,22.0,22.0,26.0,S2
site_54.73_12.79,1984,Astarte borealis,54.73,12.79,22.0,22.0,97.0,S2
site_54.73_12.79,1984,Corophium insidiosum,54.73,12.79,22.0,22.0,18.0,S2
site_54.73_12.79,1984,Diastylis rathkei,54.73,12.79,22.0,22.0,44.0,S2
site_54.73_12.79,1984,Gammarus oceanicus,54.73,12.79,22.0,22.0,9.0,S2
site_54.73_12.79,1984,Hydrobia ulvae,54.73,12.79,22.0,22.0,136.0,S2
site_54.73_12.79,1984,Lineus ruber,54.73,12.79,22.0,22.0,5.0,S2
site_54.73_12.79,1984,Macoma balthica,54.73,12.79,22.0,22.0,229.0,S2
site_54.73_12.79,1984,Mya arenaria,54.73,12.79,22.0,22.0,9.0,S2
site_54.73_12.79,1984,Mytilus edulis,54.73,12.79,22.0,22.0,893.0,S2
site_54.73_12.79,1984,Nemertina,54.73,12.79,22.0,22.0,5.0,S2
site_54.73_12.79,1984,Phoxocephalus holbolli,54.73,12.79,22.0,22.0,106.0,S2
site_54.73_12.79,1984,Polydora (Polydora) quadrilobata,54.73,12.79,22.0,22.0,9.0,S2
site_54.73_12.79,1984,Scoloplos armiger,54.73,12.79,22.0,22.0,66.0,S2
site_54.73_12.79,1985,Ampharete baltica,54.73,12.79,22.0,22.0,13.0,S2
site_54.73_12.79,1985,Astarte borealis,54.73,12.79,22.0,22.0,119.0,S2
site_54.73_12.79,1985,Corophium insidiosum,54.73,12.79,22.0,22.0,9.0,S2
site_54.73_12.79,1985,Diastylis rathkei,54.73,12.79,22.0,22.0,28.5,S2
site_54.73_12.79,1985,Gammarus oceanicus,54.73,12.79,22.0,22.0,4.5,S2
site_54.73_12.79,1985,Hydrobia ulvae,54.73,12.79,22.0,22.0,68.0,S2
site_54.73_12.79,1985,Lineus ruber,54.73,12.79,22.0,22.0,5.0,S2
site_54.73_12.79,1985,Macoma balthica,54.73,12.79,22.0,22.0,180.5,S2
site_54.73_12.79,1985,Mya arenaria,54.73,12.79,22.0,22.0,15.5,S2
site_54.73_12.79,1985,Mytilus edulis,54.73,12.79,22.0,22.0,470.5,S2
site_54.73_12.79,1985,Nemertina,54.73,12.79,22.0,22.0,2.5,S2
site_54.73_12.79,1985,Phoxocephalus holbolli,54.73,12.79,22.0,22.0,53.0,S2
site_54.73_12.79,1985,Polydora (Polydora) quadrilobata,54.73,12.79,22.0,22.0,4.5,S2
site_54.73_12.79,1985,Scoloplos armiger,54.73,12.79,22.0,22.0,53.0,S2
site_54.73_12.79,1985,Bylgides sarsi,54.73,12.79,22.0,22.0,11.0,S2
site_54.73_12.79,1985,Halicryptus spinulosus,54.73,12.79,22.0,22.0,4.5,S2
site_54.73_12.79,1985,Pygospio elegans,54.73,12.79,22.0,22.0,99.0,S2
site_54.73_12.79,1985,Spio filicornis,54.73,12.79,22.0,22.0,81.5,S2
site_54.73_12.79,1986,Astarte borealis,54.73,12.79,22.0,22.0,141.0,S2
site_54.73_12.79,1986,Bylgides sarsi,54.73,12.79,22.0,22.0,22.0,S2
site_54.73_12.79,1986,Diastylis rathkei,54.73,12.79,22.0,22.0,13.0,S2
site_54.73_12.79,1986,Halicryptus spinulosus,54.73,12.79,22.0,22.0,9.0,S2
site_54.73_12.79,1986,Lineus ruber,54.73,12.79,22.0,22.0,5.0,S2
site_54.73_12.79,1986,Macoma balthica,54.73,12.79,22.0,22.0,132.0,S2
site_54.73_12.79,1986,Mya arenaria,54.73,12.79,22.0,22.0,22.0,S2
site_54.73_12.79,1986,Mytilus edulis,54.73,12.79,22.0,22.0,48.0,S2
site_54.73_12.79,1986,Pygospio elegans,54.73,12.79,22.0,22.0,198.0,S2
site_54.73_12.79,1986,Scoloplos armiger,54.73,12.79,22.0,22.0,40.0,S2
site_54.73_12.79,1986,Spio filicornis,54.73,12.79,22.0,22.0,163.0,S2
site_54.73_12.79,1987,Amauropsis islandica,54.73,12.79,22.0,22.0,3.0,S2
site_54.73_12.79,1987,Astarte borealis,54.73,12.79,22.0,22.0,6.0,S2
site_54.73_12.79,1987,Diastylis rathkei,54.73,12.79,22.0,22.0,15.0,S2
site_54.73_12.79,1987,Macoma balthica,54.73,12.79,22.0,22.0,9.0,S2
site_54.73_12.79,1987,Mya arenaria,54.73,12.79,22.0,22.0,12.0,S2
site_54.73_12.79,1987,Mysella bidentata,54.73,12.79,22.0,22.0,26.0,S2
site_54.73_12.79,1987,Mytilus edulis,54.73,12.79,22.0,22.0,85.0,S2
site_54.73_12.79,1987,Pygospio elegans,54.73,12.79,22.0,22.0,164.0,S2
site_54.73_12.79,1987,Scoloplos armiger,54.73,12.79,22.0,22.0,41.0,S2
site_54.73_12.79,1988,Astarte borealis,54.73,12.79,22.0,22.0,56.0,S2
site_54.73_12.79,1988,Diastylis rathkei,54.73,12.79,22.0,22.0,3.0,S2
site_54.73_12.79,1988,Hydrobia ulvae,54.73,12.79,22.0,22.0,9.0,S2
site_54.73_12.79,1988,Macoma balthica,54.73,12.79,22.0,22.0,3.0,S2
site_54.73_12.79,1988,Mytilus edulis,54.73,12.79,22.0,22.0,3.0,S2
site_54.73_12.79,1989,Aricidea suecica,54.73,12.79,22.0,22.0,6.0,S2
site_54.73_12.79,1989,Astarte borealis,54.73,12.79,22.0,22.0,15.0,S2
site_54.73_12.79,1989,Cerastoderma glaucum,54.73,12.79,22.0,22.0,457.0,S2
site_54.73_12.79,1989,Crangon crangon,54.73,12.79,22.0,22.0,3.0,S2
site_54.73_12.79,1989,Gammarus oceanicus,54.73,12.79,22.0,22.0,3.0,S2
site_54.73_12.79,1989,Hydrobia ulvae,54.73,12.79,22.0,22.0,2083.0,S2
site_54.73_12.79,1989,Macoma balthica,54.73,12.79,22.0,22.0,3.0,S2
site_54.73_12.79,1989,Mya arenaria,54.73,12.79,22.0,22.0,715.0,S2
site_54.73_12.79,1989,Mytilus edulis,54.73,12.79,22.0,22.0,234.0,S2
site_54.73_12.79,1989,Oligochaeta,54.73,12.79,22.0,22.0,20.0,S2
site_54.73_12.79,1989,Pygospio elegans,54.73,12.79,22.0,22.0,91.0,S2
site_54.73_12.79,1989,Scoloplos armiger,54.73,12.79,22.0,22.0,3.0,S2
site_54.73_12.79,1990,Ampharete baltica,54.73,12.79,22.0,22.0,3.0,S2
site_54.73_12.79,1990,Astarte borealis,54.73,12.79,22.0,22.0,85.0,S2
site_54.73_12.79,1990,Cerastoderma glaucum,54.73,12.79,22.0,22.0,730.0,S2
site_54.73_12.79,1990,Crangon crangon,54.73,12.79,22.0,22.0,3.0,S2
site_54.73_12.79,1990,Diastylis rathkei,54.73,12.79,22.0,22.0,6.0,S2
site_54.73_12.79,1990,Gammarus oceanicus,54.73,12.79,22.0,22.0,3.0,S2
site_54.73_12.79,1990,Heteromastus filiformis,54.73,12.79,22.0,22.0,3.0,S2
site_54.73_12.79,1990,Hydrobia ulvae,54.73,12.79,22.0,22.0,3132.0,S2
site_54.73_12.79,1990,Macoma balthica,54.73,12.79,22.0,22.0,9.0,S2
site_54.73_12.79,1990,Mya arenaria,54.73,12.79,22.0,22.0,1043.0,S2
site_54.73_12.79,1990,Mytilus edulis,54.73,12.79,22.0,22.0,229.0,S2
site_54.73_12.79,1990,Oligochaeta,54.73,12.79,22.0,22.0,12.0,S2
site_54.73_12.79,1990,Scoloplos armiger,54.73,12.79,22.0,22.0,6.0,S2
site_54.73_12.79,1991,Acanthodoris pilosa,54.73,12.79,22.0,22.0,3.0,S2
site_54.73_12.79,1991,Ampharete baltica,54.73,12.79,22.0,22.0,7.0,S2
site_54.73_12.79,1991,Astarte borealis,54.73,12.79,22.0,22.0,214.0,S2
site_54.73_12.79,1991,Asterias rubens,54.73,12.79,22.0,22.0,10.0,S2
site_54.73_12.79,1991,Balanus improvisus,54.73,12.79,22.0,22.0,3.0,S2
site_54.73_12.79,1991,Bylgides sarsi,54.73,12.79,22.0,22.0,51.0,S2
site_54.73_12.79,1991,Cerastoderma glaucum,54.73,12.79,22.0,22.0,167.0,S2
site_54.73_12.79,1991,Crangon crangon,54.73,12.79,22.0,22.0,3.0,S2
site_54.73_12.79,1991,Diastylis rathkei,54.73,12.79,22.0,22.0,3.0,S2
site_54.73_12.79,1991,Gammarus oceanicus,54.73,12.79,22.0,22.0,17.0,S2
site_54.73_12.79,1991,Gammarus salinus,54.73,12.79,22.0,22.0,48.0,S2
site_54.73_12.79,1991,Halicryptus spinulosus,54.73,12.79,22.0,22.0,3.0,S2
site_54.73_12.79,1991,Harmothoe imbricata,54.73,12.79,22.0,22.0,48.0,S2
site_54.73_12.79,1991,Hediste diversicolor,54.73,12.79,22.0,22.0,10.0,S2
site_54.73_12.79,1991,Hydrobia ulvae,54.73,12.79,22.0,22.0,4048.0,S2
site_54.73_12.79,1991,Jaera albifrons,54.73,12.79,22.0,22.0,10.0,S2
site_54.73_12.79,1991,Macoma balthica,54.73,12.79,22.0,22.0,3.0,S2
site_54.73_12.79,1991,Mya arenaria,54.73,12.79,22.0,22.0,425.0,S2
site_54.73_12.79,1991,Mytilus edulis,54.73,12.79,22.0,22.0,5248.0,S2
site_54.73_12.79,1991,Oligochaeta,54.73,12.79,22.0,22.0,20.0,S2
site_54.73_12.79,1991,Pygospio elegans,54.73,12.79,22.0,22.0,31.0,S2
site_54.73_12.79,1991,Scoloplos armiger,54.73,12.79,22.0,22.0,24.0,S2
site_54.73_12.79,1992,Astarte borealis,54.73,12.79,22.0,22.0,18.0,S2
site_54.73_12.79,1992,Cerastoderma glaucum,54.73,12.79,22.0,22.0,48.0,S2
site_54.73_12.79,1992,Crangon crangon,54.73,12.79,22.0,22.0,5.0,S2
site_54.73_12.79,1992,Eteone longa,54.73,12.79,22.0,22.0,3.0,S2
site_54.73_12.79,1992,Halicryptus spinulosus,54.73,12.79,22.0,22.0,3.0,S2
site_54.73_12.79,1992,Hediste diversicolor,54.73,12.79,22.0,22.0,3.0,S2
site_54.73_12.79,1992,Hydrobia ulvae,54.73,12.79,22.0,22.0,10059.0,S2
site_54.73_12.79,1992,Macoma balthica,54.73,12.79,22.0,22.0,33.0,S2
site_54.73_12.79,1992,Mya arenaria,54.73,12.79,22.0,22.0,1599.0,S2
site_54.73_12.79,1992,Mytilus edulis,54.73,12.79,22.0,22.0,332.0,S2
site_54.73_12.79,1992,Oligochaeta,54.73,12.79,22.0,22.0,48.0,S2
site_54.73_12.79,1992,Pygospio elegans,54.73,12.79,22.0,22.0,449.0,S2
site_54.73_12.79,1992,Scoloplos armiger,54.73,12.79,22.0,22.0,120.0,S2
site_54.73_12.79,1993,Ampharete baltica,54.73,12.79,22.0,22.0,10.0,S2
site_54.73_12.79,1993,Aricidea cerrutii,54.73,12.79,22.0,22.0,2.0,S2
site_54.73_12.79,1993,Astarte borealis,54.73,12.79,22.0,22.0,376.0,S2
site_54.73_12.79,1993,Bylgides sarsi,54.73,12.79,22.0,22.0,2.0,S2
site_54.73_12.79,1993,Cerastoderma glaucum,54.73,12.79,22.0,22.0,18.0,S2
site_54.73_12.79,1993,Corophium crassicorne,54.73,12.79,22.0,22.0,10.0,S2
site_54.73_12.79,1993,Eteone longa,54.73,12.79,22.0,22.0,14.0,S2
site_54.73_12.79,1993,Gammarus salinus,54.73,12.79,22.0,22.0,2.0,S2
site_54.73_12.79,1993,Gammarus zaddachi,54.73,12.79,22.0,22.0,2.0,S2
site_54.73_12.79,1993,Halicryptus spinulosus,54.73,12.79,22.0,22.0,6.0,S2
site_54.73_12.79,1993,Hediste diversicolor,54.73,12.79,22.0,22.0,37.0,S2
site_54.73_12.79,1993,Hydrobia ulvae,54.73,12.79,22.0,22.0,4992.0,S2
site_54.73_12.79,1993,Macoma balthica,54.73,12.79,22.0,22.0,104.0,S2
site_54.73_12.79,1993,Marenzelleria neglecta,54.73,12.79,22.0,22.0,4.0,S2
site_54.73_12.79,1993,Mya arenaria,54.73,12.79,22.0,22.0,1218.0,S2
site_54.73_12.79,1993,Mytilus edulis,54.73,12.79,22.0,22.0,224.0,S2
site_54.73_12.79,1993,Oligochaeta,54.73,12.79,22.0,22.0,182.0,S2
site_54.73_12.79,1993,Pygospio elegans,54.73,12.79,22.0,22.0,1392.0,S2
site_54.73_12.79,1993,Scoloplos armiger,54.73,12.79,22.0,22.0,618.0,S2
site_54.73_12.79,1993,Streptosyllis websteri,54.73,12.79,22.0,22.0,2.0,S2
site_54.73_12.79,1994,Ampharete baltica,54.73,12.79,22.0,22.0,7.0,S2
site_54.73_12.79,1994,Aricidea suecica,54.73,12.79,22.0,22.0,3.0,S2
site_54.73_12.79,1994,Astarte borealis,54.73,12.79,22.0,22.0,405.0,S2
site_54.73_12.79,1994,Bathyporeia pilosa,54.73,12.79,22.0,22.0,3.0,S2
site_54.73_12.79,1994,Bylgides sarsi,54.73,12.79,22.0,22.0,14.0,S2
site_54.73_12.79,1994,Capitella capitata,54.73,12.79,22.0,22.0,3.0,S2
site_54.73_12.79,1994,Cerastoderma glaucum,54.73,12.79,22.0,22.0,3.0,S2
site_54.73_12.79,1994,Corophium crassicorne,54.73,12.79,22.0,22.0,7.0,S2
site_54.73_12.79,1994,Crangon crangon,54.73,12.79,22.0,22.0,3.0,S2
site_54.73_12.79,1994,Diastylis rathkei,54.73,12.79,22.0,22.0,139.0,S2
site_54.73_12.79,1994,Eteone longa,54.73,12.79,22.0,22.0,37.0,S2
site_54.73_12.79,1994,Gammarus salinus,54.73,12.79,22.0,22.0,37.0,S2
site_54.73_12.79,1994,Gastrosaccus spinifer,54.73,12.79,22.0,22.0,95.0,S2
site_54.73_12.79,1994,Hediste diversicolor,54.73,12.79,22.0,22.0,27.0,S2
site_54.73_12.79,1994,Heteromastus filiformis,54.73,12.79,22.0,22.0,3.0,S2
site_54.73_12.79,1994,Hydrobia ulvae,54.73,12.79,22.0,22.0,1466.0,S2
site_54.73_12.79,1994,Macoma balthica,54.73,12.79,22.0,22.0,146.0,S2
site_54.73_12.79,1994,Marenzelleria neglecta,54.73,12.79,22.0,22.0,34.0,S2
site_54.73_12.79,1994,Mya arenaria,54.73,12.79,22.0,22.0,320.0,S2
site_54.73_12.79,1994,Mytilus edulis,54.73,12.79,22.0,22.0,595.0,S2
site_54.73_12.79,1994,Nemertina,54.73,12.79,22.0,22.0,3.0,S2
site_54.73_12.79,1994,Neomysis integer,54.73,12.79,22.0,22.0,3.0,S2
site_54.73_12.79,1994,Oligochaeta,54.73,12.79,22.0,22.0,177.0,S2
site_54.73_12.79,1994,Phyllodoce (Anaitides) maculata,54.73,12.79,22.0,22.0,3.0,S2
site_54.73_12.79,1994,Polydora ciliata,54.73,12.79,22.0,22.0,14.0,S2
site_54.73_12.79,1994,Pygospio elegans,54.73,12.79,22.0,22.0,3663.0,S2
site_54.73_12.79,1994,Saduria entomon,54.73,12.79,22.0,22.0,3.0,S2
site_54.73_12.79,1994,Scoloplos armiger,54.73,12.79,22.0,22.0,718.0,S2
site_54.73_12.79,1995,Ampharete baltica,54.73,12.79,22.0,22.0,2.0,S2
site_54.73_12.79,1995,Aricidea suecica,54.73,12.79,22.0,22.0,9.0,S2
site_54.73_12.79,1995,Astarte borealis,54.73,12.79,22.0,22.0,235.0,S2
site_54.73_12.79,1995,Bathyporeia pilosa,54.73,12.79,22.0,22.0,3.0,S2
site_54.73_12.79,1995,Bylgides sarsi,54.73,12.79,22.0,22.0,3.0,S2
site_54.73_12.79,1995,Capitella capitata,54.73,12.79,22.0,22.0,2.0,S2
site_54.73_12.79,1995,Cerastoderma glaucum,54.73,12.79,22.0,22.0,7.0,S2
site_54.73_12.79,1995,Corophium volutator,54.73,12.79,22.0,22.0,41.0,S2
site_54.73_12.79,1995,Crangon crangon,54.73,12.79,22.0,22.0,12.0,S2
site_54.73_12.79,1995,Diastylis rathkei,54.73,12.79,22.0,22.0,473.0,S2
site_54.73_12.79,1995,Eteone longa,54.73,12.79,22.0,22.0,27.0,S2
site_54.73_12.79,1995,Gammarus salinus,54.73,12.79,22.0,22.0,7.0,S2
site_54.73_12.79,1995,Halicryptus spinulosus,54.73,12.79,22.0,22.0,7.0,S2
site_54.73_12.79,1995,Hediste diversicolor,54.73,12.79,22.0,22.0,5.0,S2
site_54.73_12.79,1995,Heteromastus filiformis,54.73,12.79,22.0,22.0,2.0,S2
site_54.73_12.79,1995,Hydrobia ulvae,54.73,12.79,22.0,22.0,3289.0,S2
site_54.73_12.79,1995,Macoma balthica,54.73,12.79,22.0,22.0,241.0,S2
site_54.73_12.79,1995,Marenzelleria neglecta,54.73,12.79,22.0,22.0,14.0,S2
site_54.73_12.79,1995,Mya arenaria,54.73,12.79,22.0,22.0,364.0,S2
site_54.73_12.79,1995,Mytilus edulis,54.73,12.79,22.0,22.0,663.0,S2
site_54.73_12.79,1995,Nemertina,54.73,12.79,22.0,22.0,3.0,S2
site_54.73_12.79,1995,Oligochaeta,54.73,12.79,22.0,22.0,219.0,S2
site_54.73_12.79,1995,Phyllodoce,54.73,12.79,22.0,22.0,2.0,S2
site_54.73_12.79,1995,Polydora ciliata,54.73,12.79,22.0,22.0,31.0,S2
site_54.73_12.79,1995,Pontoporeia femorata,54.73,12.79,22.0,22.0,2.0,S2
site_54.73_12.79,1995,Priapulus caudatus,54.73,12.79,22.0,22.0,2.0,S2
site_54.73_12.79,1995,Pygospio elegans,54.73,12.79,22.0,22.0,2187.0,S2
site_54.73_12.79,1995,Scoloplos armiger,54.73,12.79,22.0,22.0,364.0,S2
site_54.73_12.79,1996,Ampharete baltica,54.73,12.79,22.0,22.0,18.0,S2
site_54.73_12.79,1996,Aricidea suecica,54.73,12.79,22.0,22.0,4.5,S2
site_54.73_12.79,1996,Astarte borealis,54.73,12.79,22.0,22.0,194.0,S2
site_54.73_12.79,1996,Bathyporeia pilosa,54.73,12.79,22.0,22.0,1.5,S2
site_54.73_12.79,1996,Bylgides sarsi,54.73,12.79,22.0,22.0,5.0,S2
site_54.73_12.79,1996,Capitella capitata,54.73,12.79,22.0,22.0,14.5,S2
site_54.73_12.79,1996,Cerastoderma glaucum,54.73,12.79,22.0,22.0,3.5,S2
site_54.73_12.79,1996,Corophium volutator,54.73,12.79,22.0,22.0,20.5,S2
site_54.73_12.79,1996,Crangon crangon,54.73,12.79,22.0,22.0,6.0,S2
site_54.73_12.79,1996,Diastylis rathkei,54.73,12.79,22.0,22.0,418.5,S2
site_54.73_12.79,1996,Eteone longa,54.73,12.79,22.0,22.0,23.5,S2
site_54.73_12.79,1996,Gammarus salinus,54.73,12.79,22.0,22.0,8.5,S2
site_54.73_12.79,1996,Halicryptus spinulosus,54.73,12.79,22.0,22.0,8.5,S2
site_54.73_12.79,1996,Hediste diversicolor,54.73,12.79,22.0,22.0,11.0,S2
site_54.73_12.79,1996,Heteromastus filiformis,54.73,12.79,22.0,22.0,1.0,S2
site_54.73_12.79,1996,Hydrobia ulvae,54.73,12.79,22.0,22.0,2154.5,S2
site_54.73_12.79,1996,Macoma balthica,54.73,12.79,22.0,22.0,255.0,S2
site_54.73_12.79,1996,Marenzelleria neglecta,54.73,12.79,22.0,22.0,7.0,S2
site_54.73_12.79,1996,Mya arenaria,54.73,12.79,22.0,22.0,270.5,S2
site_54.73_12.79,1996,Mytilus edulis,54.73,12.79,22.0,22.0,1234.5,S2
site_54.73_12.79,1996,Nemertina,54.73,12.79,22.0,22.0,5.0,S2
site_54.73_12.79,1996,Oligochaeta,54.73,12.79,22.0,22.0,290.0,S2
site_54.73_12.79,1996,Phyllodoce,54.73,12.79,22.0,22.0,1.0,S2
site_54.73_12.79,1996,Polydora ciliata,54.73,12.79,22.0,22.0,15.5,S2
site_54.73_12.79,1996,Pontoporeia femorata,54.73,12.79,22.0,22.0,1.0,S2
site_54.73_12.79,1996,Priapulus caudatus,54.73,12.79,22.0,22.0,1.0,S2
site_54.73_12.79,1996,Pygospio elegans,54.73,12.79,22.0,22.0,2444.0,S2
site_54.73_12.79,1996,Scoloplos armiger,54.73,12.79,22.0,22.0,551.0,S2
site_54.73_12.79,1996,Aricidea cerrutii,54.73,12.79,22.0,22.0,10.0,S2
site_54.73_12.79,1996,Asterias rubens,54.73,12.79,22.0,22.0,1.5,S2
site_54.73_12.79,1996,Balanus improvisus,54.73,12.79,22.0,22.0,13.5,S2
site_54.73_12.79,1996,Corophium crassicorne,54.73,12.79,22.0,22.0,8.5,S2
site_54.73_12.79,1996,Gastrosaccus spinifer,54.73,12.79,22.0,22.0,17.0,S2
site_54.73_12.79,1996,Halitholus yoldiaarcticae,54.73,12.79,22.0,22.0,0.5,S2
site_54.73_12.79,1996,Harmothoe imbricata,54.73,12.79,22.0,22.0,13.5,S2
site_54.73_12.79,1996,Lamellidoris muricata,54.73,12.79,22.0,22.0,3.5,S2
site_54.73_12.79,1996,Laomedea flexuosa,54.73,12.79,22.0,22.0,0.5,S2
site_54.73_12.79,1996,Ophelia limacina,54.73,12.79,22.0,22.0,1.5,S2
site_54.73_12.79,1996,Phyllodoce (Anaitides) mucosa,54.73,12.79,22.0,22.0,3.5,S2
site_54.73_12.79,1996,Pseudopolydora pulchra,54.73,12.79,22.0,22.0,1.5,S2
site_54.73_12.79,1996,Pusillina inconspicua,54.73,12.79,22.0,22.0,1.5,S2
site_54.73_12.79,1996,Spio goniocephala,54.73,12.79,22.0,22.0,216.0,S2
site_54.73_12.79,1997,Ampharete baltica,54.73,12.79,22.0,22.0,34.0,S2
site_54.73_12.79,1997,Aricidea cerrutii,54.73,12.79,22.0,22.0,20.0,S2
site_54.73_12.79,1997,Astarte borealis,54.73,12.79,22.0,22.0,153.0,S2
site_54.73_12.79,1997,Asterias rubens,54.73,12.79,22.0,22.0,3.0,S2
site_54.73_12.79,1997,Balanus improvisus,54.73,12.79,22.0,22.0,27.0,S2
site_54.73_12.79,1997,Bylgides sarsi,54.73,12.79,22.0,22.0,7.0,S2
site_54.73_12.79,1997,Capitella capitata,54.73,12.79,22.0,22.0,27.0,S2
site_54.73_12.79,1997,Corophium crassicorne,54.73,12.79,22.0,22.0,17.0,S2
site_54.73_12.79,1997,Diastylis rathkei,54.73,12.79,22.0,22.0,364.0,S2
site_54.73_12.79,1997,Eteone longa,54.73,12.79,22.0,22.0,20.0,S2
site_54.73_12.79,1997,Gammarus salinus,54.73,12.79,22.0,22.0,10.0,S2
site_54.73_12.79,1997,Gastrosaccus spinifer,54.73,12.79,22.0,22.0,34.0,S2
site_54.73_12.79,1997,Halicryptus spinulosus,54.73,12.79,22.0,22.0,10.0,S2
site_54.73_12.79,1997,Halitholus yoldiaarcticae,54.73,12.79,22.0,22.0,1.0,S2
site_54.73_12.79,1997,Harmothoe imbricata,54.73,12.79,22.0,22.0,27.0,S2
site_54.73_12.79,1997,Hediste diversicolor,54.73,12.79,22.0,22.0,17.0,S2
site_54.73_12.79,1997,Hydrobia ulvae,54.73,12.79,22.0,22.0,1020.0,S2
site_54.73_12.79,1997,Lamellidoris muricata,54.73,12.79,22.0,22.0,7.0,S2
site_54.73_12.79,1997,Laomedea flexuosa,54.73,12.79,22.0,22.0,1.0,S2
site_54.73_12.79,1997,Macoma balthica,54.73,12.79,22.0,22.0,269.0,S2
site_54.73_12.79,1997,Mya arenaria,54.73,12.79,22.0,22.0,177.0,S2
site_54.73_12.79,1997,Mytilus edulis,54.73,12.79,22.0,22.0,1806.0,S2
site_54.73_12.79,1997,Nemertina,54.73,12.79,22.0,22.0,7.0,S2
site_54.73_12.79,1997,Oligochaeta,54.73,12.79,22.0,22.0,361.0,S2
site_54.73_12.79,1997,Ophelia limacina,54.73,12.79,22.0,22.0,3.0,S2
site_54.73_12.79,1997,Phyllodoce (Anaitides) mucosa,54.73,12.79,22.0,22.0,7.0,S2
site_54.73_12.79,1997,Pseudopolydora pulchra,54.73,12.79,22.0,22.0,3.0,S2
site_54.73_12.79,1997,Pusillina inconspicua,54.73,12.79,22.0,22.0,3.0,S2
site_54.73_12.79,1997,Pygospio elegans,54.73,12.79,22.0,22.0,2701.0,S2
site_54.73_12.79,1997,Scoloplos armiger,54.73,12.79,22.0,22.0,738.0,S2
site_54.73_12.79,1997,Spio goniocephala,54.73,12.79,22.0,22.0,432.0,S2
site_54.73_12.79,1998,Alcyonidium polyoum,54.73,12.79,22.0,22.0,1.0,S2
site_54.73_12.79,1998,Ampharete baltica,54.73,12.79,22.0,22.0,20.0,S2
site_54.73_12.79,1998,Arenicola marina,54.73,12.79,22.0,22.0,3.0,S2
site_54.73_12.79,1998,Aricidea cerrutii,54.73,12.79,22.0,22.0,10.0,S2
site_54.73_12.79,1998,Astarte borealis,54.73,12.79,22.0,22.0,146.0,S2
site_54.73_12.79,1998,Astarte elliptica,54.73,12.79,22.0,22.0,1.0,S2
site_54.73_12.79,1998,Balanus crenatus,54.73,12.79,22.0,22.0,17.0,S2
site_54.73_12.79,1998,Bathyporeia pilosa,54.73,12.79,22.0,22.0,7.0,S2
site_54.73_12.79,1998,Bylgides sarsi,54.73,12.79,22.0,22.0,1.0,S2
site_54.73_12.79,1998,Capitella capitata,54.73,12.79,22.0,22.0,7.0,S2
site_54.73_12.79,1998,Cerastoderma glaucum,54.73,12.79,22.0,22.0,1.0,S2
site_54.73_12.79,1998,Corophium crassicorne,54.73,12.79,22.0,22.0,14.0,S2
site_54.73_12.79,1998,Crangon crangon,54.73,12.79,22.0,22.0,1.0,S2
site_54.73_12.79,1998,Diastylis rathkei,54.73,12.79,22.0,22.0,20.0,S2
site_54.73_12.79,1998,Electra crustulenta,54.73,12.79,22.0,22.0,1.0,S2
site_54.73_12.79,1998,Eteone longa,54.73,12.79,22.0,22.0,31.0,S2
site_54.73_12.79,1998,Gammarus oceanicus,54.73,12.79,22.0,22.0,3.0,S2
site_54.73_12.79,1998,Gammarus salinus,54.73,12.79,22.0,22.0,116.0,S2
site_54.73_12.79,1998,Gammarus zaddachi,54.73,12.79,22.0,22.0,20.0,S2
site_54.73_12.79,1998,Gastrosaccus spinifer,54.73,12.79,22.0,22.0,17.0,S2
site_54.73_12.79,1998,Halicryptus spinulosus,54.73,12.79,22.0,22.0,3.0,S2
site_54.73_12.79,1998,Halitholus yoldiaarcticae,54.73,12.79,22.0,22.0,1.0,S2
site_54.73_12.79,1998,Harmothoe imbricata,54.73,12.79,22.0,22.0,1.0,S2
site_54.73_12.79,1998,Hediste diversicolor,54.73,12.79,22.0,22.0,20.0,S2
site_54.73_12.79,1998,Hydrobia ulvae,54.73,12.79,22.0,22.0,1748.0,S2
site_54.73_12.79,1998,Laomedea flexuosa,54.73,12.79,22.0,22.0,1.0,S2
site_54.73_12.79,1998,Macoma balthica,54.73,12.79,22.0,22.0,235.0,S2
site_54.73_12.79,1998,Mya arenaria,54.73,12.79,22.0,22.0,153.0,S2
site_54.73_12.79,1998,Mytilus edulis,54.73,12.79,22.0,22.0,1857.0,S2
site_54.73_12.79,1998,Nemertina,54.73,12.79,22.0,22.0,1.0,S2
site_54.73_12.79,1998,Odostomia rissoides,54.73,12.79,22.0,22.0,1.0,S2
site_54.73_12.79,1998,Polydora ciliata,54.73,12.79,22.0,22.0,10.0,S2
site_54.73_12.79,1998,Pygospio elegans,54.73,12.79,22.0,22.0,1391.0,S2
site_54.73_12.79,1998,Saduria entomon,54.73,12.79,22.0,22.0,1.0,S2
site_54.73_12.79,1998,Scoloplos armiger,54.73,12.79,22.0,22.0,554.0,S2
site_54.73_12.79,1998,Spio goniocephala,54.73,12.79,22.0,22.0,61.0,S2
site_54.73_12.79,1998,Tubifex costatus,54.73,12.79,22.0,22.0,201.0,S2
site_54.73_12.79,1998,Tubificoides benedeni,54.73,12.79,22.0,22.0,20.0,S2
site_54.73_12.79,1999,Alcyonidium polyoum,54.73,12.79,22.0,22.0,1.0,S2
site_54.73_12.79,1999,Ampharete baltica,54.73,12.79,22.0,22.0,170.0,S2
site_54.73_12.79,1999,Aricidea cerrutii,54.73,12.79,22.0,22.0,10.0,S2
site_54.73_12.79,1999,Astarte borealis,54.73,12.79,22.0,22.0,224.0,S2
site_54.73_12.79,1999,Balanus crenatus,54.73,12.79,22.0,22.0,1.0,S2
site_54.73_12.79,1999,Bylgides sarsi,54.73,12.79,22.0,22.0,24.0,S2
site_54.73_12.79,1999,Capitella capitata,54.73,12.79,22.0,22.0,7.0,S2
site_54.73_12.79,1999,Clytia hemisphaerica,54.73,12.79,22.0,22.0,1.0,S2
site_54.73_12.79,1999,Crangon crangon,54.73,12.79,22.0,22.0,1.0,S2
site_54.73_12.79,1999,Diastylis rathkei,54.73,12.79,22.0,22.0,105.0,S2
site_54.73_12.79,1999,Eteone longa,54.73,12.79,22.0,22.0,7.0,S2
site_54.73_12.79,1999,Gammarus oceanicus,54.73,12.79,22.0,22.0,1.0,S2
site_54.73_12.79,1999,Gammarus salinus,54.73,12.79,22.0,22.0,3.0,S2
site_54.73_12.79,1999,Gammarus zaddachi,54.73,12.79,22.0,22.0,1.0,S2
site_54.73_12.79,1999,Halicryptus spinulosus,54.73,12.79,22.0,22.0,3.0,S2
site_54.73_12.79,1999,Hydrobia ulvae,54.73,12.79,22.0,22.0,599.0,S2
site_54.73_12.79,1999,Jaera albifrons,54.73,12.79,22.0,22.0,1.0,S2
site_54.73_12.79,1999,Macoma balthica,54.73,12.79,22.0,22.0,170.0,S2
site_54.73_12.79,1999,Mya arenaria,54.73,12.79,22.0,22.0,156.0,S2
site_54.73_12.79,1999,Mytilus edulis,54.73,12.79,22.0,22.0,963.0,S2
site_54.73_12.79,1999,Nemertina,54.73,12.79,22.0,22.0,3.0,S2
site_54.73_12.79,1999,Opercularella lacerata,54.73,12.79,22.0,22.0,1.0,S2
site_54.73_12.79,1999,Polydora (Polydora) quadrilobata,54.73,12.79,22.0,22.0,14.0,S2
site_54.73_12.79,1999,Polydora ciliata,54.73,12.79,22.0,22.0,3.0,S2
site_54.73_12.79,1999,Pygospio elegans,54.73,12.79,22.0,22.0,476.0,S2
site_54.73_12.79,1999,Scoloplos armiger,54.73,12.79,22.0,22.0,520.0,S2
site_54.73_12.79,1999,Spio goniocephala,54.73,12.79,22.0,22.0,24.0,S2
site_54.73_12.79,1999,Terebellides stroemii,54.73,12.79,22.0,22.0,3.0,S2
site_54.73_12.79,1999,Tubifex costatus,54.73,12.79,22.0,22.0,10.0,S2
site_54.73_12.79,2000,Alcyonidium polyoum,54.73,12.79,22.0,22.0,1.0,S2
site_54.73_12.79,2000,Ampharete baltica,54.73,12.79,22.0,22.0,524.0,S2
site_54.73_12.79,2000,Arenicola marina,54.73,12.79,22.0,22.0,1.0,S2
site_54.73_12.79,2000,Astarte borealis,54.73,12.79,22.0,22.0,180.0,S2
site_54.73_12.79,2000,Asterias rubens,54.73,12.79,22.0,22.0,1.0,S2
site_54.73_12.79,2000,Balanus crenatus,54.73,12.79,22.0,22.0,1.0,S2
site_54.73_12.79,2000,Bylgides sarsi,54.73,12.79,22.0,22.0,14.0,S2
site_54.73_12.79,2000,Corophium crassicorne,54.73,12.79,22.0,22.0,228.0,S2
site_54.73_12.79,2000,Crangon crangon,54.73,12.79,22.0,22.0,1.0,S2
site_54.73_12.79,2000,Diastylis rathkei,54.73,12.79,22.0,22.0,184.0,S2
site_54.73_12.79,2000,Electra crustulenta,54.73,12.79,22.0,22.0,1.0,S2
site_54.73_12.79,2000,Eteone longa,54.73,12.79,22.0,22.0,3.0,S2
site_54.73_12.79,2000,Eulalia bilineata,54.73,12.79,22.0,22.0,7.0,S2
site_54.73_12.79,2000,Gammarus oceanicus,54.73,12.79,22.0,22.0,1.0,S2
site_54.73_12.79,2000,Gammarus salinus,54.73,12.79,22.0,22.0,3.0,S2
site_54.73_12.79,2000,Gammarus zaddachi,54.73,12.79,22.0,22.0,1.0,S2
site_54.73_12.79,2000,Halicryptus spinulosus,54.73,12.79,22.0,22.0,27.0,S2
site_54.73_12.79,2000,Harmothoe imbricata,54.73,12.79,22.0,22.0,1.0,S2
site_54.73_12.79,2000,Harmothoe impar,54.73,12.79,22.0,22.0,3.0,S2
site_54.73_12.79,2000,Hartlaubella gelatinosa,54.73,12.79,22.0,22.0,1.0,S2
site_54.73_12.79,2000,Hediste diversicolor,54.73,12.79,22.0,22.0,3.0,S2
site_54.73_12.79,2000,Hydrobia ulvae,54.73,12.79,22.0,22.0,286.0,S2
site_54.73_12.79,2000,Jaera albifrons,54.73,12.79,22.0,22.0,7.0,S2
site_54.73_12.79,2000,Macoma balthica,54.73,12.79,22.0,22.0,235.0,S2
site_54.73_12.79,2000,Microdeutopus gryllotalpa,54.73,12.79,22.0,22.0,1.0,S2
site_54.73_12.79,2000,Mya arenaria,54.73,12.79,22.0,22.0,75.0,S2
site_54.73_12.79,2000,Mysis mixta,54.73,12.79,22.0,22.0,1.0,S2
site_54.73_12.79,2000,Mytilus edulis,54.73,12.79,22.0,22.0,1156.0,S2
site_54.73_12.79,2000,Nemertina,54.73,12.79,22.0,22.0,17.0,S2
site_54.73_12.79,2000,Opercularella lacerata,54.73,12.79,22.0,22.0,1.0,S2
site_54.73_12.79,2000,Polydora (Polydora) quadrilobata,54.73,12.79,22.0,22.0,7.0,S2
site_54.73_12.79,2000,Prostoma obscura,54.73,12.79,22.0,22.0,3.0,S2
site_54.73_12.79,2000,Pygospio elegans,54.73,12.79,22.0,22.0,724.0,S2
site_54.73_12.79,2000,Scoloplos armiger,54.73,12.79,22.0,22.0,510.0,S2
site_54.73_12.79,2000,Spio goniocephala,54.73,12.79,22.0,22.0,17.0,S2
site_54.73_12.79,2000,Travisia forbesii,54.73,12.79,22.0,22.0,3.0,S2
site_54.73_12.79,2000,Tubifex costatus,54.73,12.79,22.0,22.0,34.0,S2
site_54.73_12.79,2000,Tubificoides benedeni,54.73,12.79,22.0,22.0,10.0,S2
site_54.73_12.79,2001,Alcyonidium polyoum,54.73,12.79,22.0,22.0,1.0,S2
site_54.73_12.79,2001,Ampharete baltica,54.73,12.79,22.0,22.0,204.0,S2
site_54.73_12.79,2001,Arenicola marina,54.73,12.79,22.0,22.0,1.0,S2
site_54.73_12.79,2001,Aricidea suecica,54.73,12.79,22.0,22.0,31.0,S2
site_54.73_12.79,2001,Astarte borealis,54.73,12.79,22.0,22.0,190.0,S2
site_54.73_12.79,2001,Astarte montagui,54.73,12.79,22.0,22.0,20.0,S2
site_54.73_12.79,2001,Asterias rubens,54.73,12.79,22.0,22.0,1.0,S2
site_54.73_12.79,2001,Balanus crenatus,54.73,12.79,22.0,22.0,1.0,S2
site_54.73_12.79,2001,Bylgides sarsi,54.73,12.79,22.0,22.0,3.0,S2
site_54.73_12.79,2001,Corophium crassicorne,54.73,12.79,22.0,22.0,160.0,S2
site_54.73_12.79,2001,Crangon crangon,54.73,12.79,22.0,22.0,1.0,S2
site_54.73_12.79,2001,Diastylis rathkei,54.73,12.79,22.0,22.0,27.0,S2
site_54.73_12.79,2001,Electra crustulenta,54.73,12.79,22.0,22.0,1.0,S2
site_54.73_12.79,2001,Eteone longa,54.73,12.79,22.0,22.0,10.0,S2
site_54.73_12.79,2001,Eucratea loricata,54.73,12.79,22.0,22.0,1.0,S2
site_54.73_12.79,2001,Gammarus oceanicus,54.73,12.79,22.0,22.0,1.0,S2
site_54.73_12.79,2001,Gammarus salinus,54.73,12.79,22.0,22.0,7.0,S2
site_54.73_12.79,2001,Halicryptus spinulosus,54.73,12.79,22.0,22.0,14.0,S2
site_54.73_12.79,2001,Harmothoe imbricata,54.73,12.79,22.0,22.0,3.0,S2
site_54.73_12.79,2001,Hartlaubella gelatinosa,54.73,12.79,22.0,22.0,1.0,S2
site_54.73_12.79,2001,Hediste diversicolor,54.73,12.79,22.0,22.0,27.0,S2
site_54.73_12.79,2001,Hydrobia ulvae,54.73,12.79,22.0,22.0,391.0,S2
site_54.73_12.79,2001,Jaera albifrons,54.73,12.79,22.0,22.0,7.0,S2
site_54.73_12.79,2001,Lafoeina tenuis,54.73,12.79,22.0,22.0,1.0,S2
site_54.73_12.79,2001,Lineus ruber,54.73,12.79,22.0,22.0,3.0,S2
site_54.73_12.79,2001,Macoma balthica,54.73,12.79,22.0,22.0,170.0,S2
site_54.73_12.79,2001,Molgula manhattensis,54.73,12.79,22.0,22.0,1.0,S2
site_54.73_12.79,2001,Mya arenaria,54.73,12.79,22.0,22.0,27.0,S2
site_54.73_12.79,2001,Mysis mixta,54.73,12.79,22.0,22.0,1.0,S2
site_54.73_12.79,2001,Mytilus edulis,54.73,12.79,22.0,22.0,1204.0,S2
site_54.73_12.79,2001,Nemertina,54.73,12.79,22.0,22.0,37.0,S2
site_54.73_12.79,2001,Neomysis integer,54.73,12.79,22.0,22.0,3.0,S2
site_54.73_12.79,2001,Opercularella lacerata,54.73,12.79,22.0,22.0,1.0,S2
site_54.73_12.79,2001,Phyllodoce (Anaitides) mucosa,54.73,12.79,22.0,22.0,3.0,S2
site_54.73_12.79,2001,Polydora (Polydora) quadrilobata,54.73,12.79,22.0,22.0,10.0,S2
site_54.73_12.79,2001,Pontoporeia femorata,54.73,12.79,22.0,22.0,3.0,S2
site_54.73_12.79,2001,Prostoma obscura,54.73,12.79,22.0,22.0,20.0,S2
site_54.73_12.79,2001,Pygospio elegans,54.73,12.79,22.0,22.0,816.0,S2
site_54.73_12.79,2001,Scoloplos armiger,54.73,12.79,22.0,22.0,374.0,S2
site_54.73_12.79,2001,Spio goniocephala,54.73,12.79,22.0,22.0,136.0,S2
site_54.73_12.79,2001,Travisia forbesii,54.73,12.79,22.0,22.0,37.0,S2
site_54.73_12.79,2001,Tubifex costatus,54.73,12.79,22.0,22.0,48.0,S2
site_54.73_12.79,2001,Tubificoides benedeni,54.73,12.79,22.0,22.0,17.0,S2
site_54.73_12.79,2002,Acanthodoris pilosa,54.73,12.79,22.0,22.0,1.0,S2
site_54.73_12.79,2002,Alcyonidium polyoum,54.73,12.79,22.0,22.0,1.0,S2
site_54.73_12.79,2002,Ampharete baltica,54.73,12.79,22.0,22.0,136.0,S2
site_54.73_12.79,2002,Arenicola marina,54.73,12.79,22.0,22.0,17.0,S2
site_54.73_12.79,2002,Aricidea suecica,54.73,12.79,22.0,22.0,41.0,S2
site_54.73_12.79,2002,Astarte borealis,54.73,12.79,22.0,22.0,136.0,S2
site_54.73_12.79,2002,Asterias rubens,54.73,12.79,22.0,22.0,7.0,S2
site_54.73_12.79,2002,Balanus crenatus,54.73,12.79,22.0,22.0,3.0,S2
site_54.73_12.79,2002,Bylgides sarsi,54.73,12.79,22.0,22.0,7.0,S2
site_54.73_12.79,2002,Capitella capitata,54.73,12.79,22.0,22.0,3.0,S2
site_54.73_12.79,2002,Crangon crangon,54.73,12.79,22.0,22.0,1.0,S2
site_54.73_12.79,2002,Diastylis rathkei,54.73,12.79,22.0,22.0,95.0,S2
site_54.73_12.79,2002,Electra crustulenta,54.73,12.79,22.0,22.0,1.0,S2
site_54.73_12.79,2002,Eteone longa,54.73,12.79,22.0,22.0,20.0,S2
site_54.73_12.79,2002,Gammarus oceanicus,54.73,12.79,22.0,22.0,1.0,S2
site_54.73_12.79,2002,Gammarus salinus,54.73,12.79,22.0,22.0,34.0,S2
site_54.73_12.79,2002,Gammarus zaddachi,54.73,12.79,22.0,22.0,1.0,S2
site_54.73_12.79,2002,Halicryptus spinulosus,54.73,12.79,22.0,22.0,3.0,S2
site_54.73_12.79,2002,Harmothoe imbricata,54.73,12.79,22.0,22.0,1.0,S2
site_54.73_12.79,2002,Harmothoe impar,54.73,12.79,22.0,22.0,7.0,S2
site_54.73_12.79,2002,Hartlaubella gelatinosa,54.73,12.79,22.0,22.0,1.0,S2
site_54.73_12.79,2002,Hediste diversicolor,54.73,12.79,22.0,22.0,14.0,S2
site_54.73_12.79,2002,Hydrobia ulvae,54.73,12.79,22.0,22.0,1000.0,S2
site_54.73_12.79,2002,Jaera albifrons,54.73,12.79,22.0,22.0,1.0,S2
site_54.73_12.79,2002,Lagis koreni,54.73,12.79,22.0,22.0,323.0,S2
site_54.73_12.79,2002,Lineus ruber,54.73,12.79,22.0,22.0,24.0,S2
site_54.73_12.79,2002,Macoma balthica,54.73,12.79,22.0,22.0,228.0,S2
site_54.73_12.79,2002,Mya arenaria,54.73,12.79,22.0,22.0,34.0,S2
site_54.73_12.79,2002,Mytilus edulis,54.73,12.79,22.0,22.0,194.0,S2
site_54.73_12.79,2002,Nais elinguis,54.73,12.79,22.0,22.0,7.0,S2
site_54.73_12.79,2002,Nemertina,54.73,12.79,22.0,22.0,54.0,S2
site_54.73_12.79,2002,Palaemon elegans,54.73,12.79,22.0,22.0,1.0,S2
site_54.73_12.79,2002,Phyllodoce (Anaitides) mucosa,54.73,12.79,22.0,22.0,303.0,S2
site_54.73_12.79,2002,Polydora (Polydora) quadrilobata,54.73,12.79,22.0,22.0,20.0,S2
site_54.73_12.79,2002,Prostoma obscura,54.73,12.79,22.0,22.0,24.0,S2
site_54.73_12.79,2002,Pygospio elegans,54.73,12.79,22.0,22.0,371.0,S2
site_54.73_12.79,2002,Scoloplos armiger,54.73,12.79,22.0,22.0,24.0,S2
site_54.73_12.79,2002,Spio goniocephala,54.73,12.79,22.0,22.0,34.0,S2
site_54.73_12.79,2002,Travisia forbesii,54.73,12.79,22.0,22.0,71.0,S2
site_54.73_12.79,2002,Tubifex costatus,54.73,12.79,22.0,22.0,88.0,S2
site_54.73_12.79,2002,Tubificoides benedeni,54.73,12.79,22.0,22.0,27.0,S2
site_54.73_12.79,2003,Abra alba,54.73,12.79,22.0,22.0,3.0,S2
site_54.73_12.79,2003,Acanthodoris pilosa,54.73,12.79,22.0,22.0,1.0,S2
site_54.73_12.79,2003,Ampharete baltica,54.73,12.79,22.0,22.0,34.0,S2
site_54.73_12.79,2003,Arenicola marina,54.73,12.79,22.0,22.0,3.0,S2
site_54.73_12.79,2003,Aricidea suecica,54.73,12.79,22.0,22.0,34.0,S2
site_54.73_12.79,2003,Astarte borealis,54.73,12.79,22.0,22.0,133.0,S2
site_54.73_12.79,2003,Asterias rubens,54.73,12.79,22.0,22.0,27.0,S2
site_54.73_12.79,2003,Balanus crenatus,54.73,12.79,22.0,22.0,1.0,S2
site_54.73_12.79,2003,Bougainvillia ramosa,54.73,12.79,22.0,22.0,1.0,S2
site_54.73_12.79,2003,Bylgides sarsi,54.73,12.79,22.0,22.0,3.0,S2
site_54.73_12.79,2003,Callopora lineata,54.73,12.79,22.0,22.0,1.0,S2
site_54.73_12.79,2003,Capitella capitata,54.73,12.79,22.0,22.0,17.0,S2
site_54.73_12.79,2003,Corophium crassicorne,54.73,12.79,22.0,22.0,3.0,S2
site_54.73_12.79,2003,Crangon crangon,54.73,12.79,22.0,22.0,7.0,S2
site_54.73_12.79,2003,Diastylis rathkei,54.73,12.79,22.0,22.0,235.0,S2
site_54.73_12.79,2003,Electra crustulenta,54.73,12.79,22.0,22.0,1.0,S2
site_54.73_12.79,2003,Electra pilosa,54.73,12.79,22.0,22.0,1.0,S2
site_54.73_12.79,2003,Eteone longa,54.73,12.79,22.0,22.0,10.0,S2
site_54.73_12.79,2003,Eucratea loricata,54.73,12.79,22.0,22.0,1.0,S2
site_54.73_12.79,2003,Facelina bostoniensis,54.73,12.79,22.0,22.0,10.0,S2
site_54.73_12.79,2003,Gammarellus homari,54.73,12.79,22.0,22.0,3.0,S2
site_54.73_12.79,2003,Gastrosaccus spinifer,54.73,12.79,22.0,22.0,3.0,S2
site_54.73_12.79,2003,Halacaridae,54.73,12.79,22.0,22.0,1.0,S2
site_54.73_12.79,2003,Halicryptus spinulosus,54.73,12.79,22.0,22.0,7.0,S2
site_54.73_12.79,2003,Halisarca dujardinii,54.73,12.79,22.0,22.0,1.0,S2
site_54.73_12.79,2003,Harmothoe imbricata,54.73,12.79,22.0,22.0,10.0,S2
site_54.73_12.79,2003,Hartlaubella gelatinosa,54.73,12.79,22.0,22.0,1.0,S2
site_54.73_12.79,2003,Hydrobia ulvae,54.73,12.79,22.0,22.0,745.0,S2
site_54.73_12.79,2003,Lagis koreni,54.73,12.79,22.0,22.0,262.0,S2
site_54.73_12.79,2003,Lineus ruber,54.73,12.79,22.0,22.0,17.0,S2
site_54.73_12.79,2003,Macoma balthica,54.73,12.79,22.0,22.0,156.0,S2
site_54.73_12.79,2003,Musculus discors,54.73,12.79,22.0,22.0,1.0,S2
site_54.73_12.79,2003,Mya arenaria,54.73,12.79,22.0,22.0,3.0,S2
site_54.73_12.79,2003,Mysella bidentata,54.73,12.79,22.0,22.0,7.0,S2
site_54.73_12.79,2003,Mytilus edulis,54.73,12.79,22.0,22.0,180.0,S2
site_54.73_12.79,2003,Nemertina,54.73,12.79,22.0,22.0,48.0,S2
site_54.73_12.79,2003,Nymphon brevirostre,54.73,12.79,22.0,22.0,1.0,S2
site_54.73_12.79,2003,Odostomia rissoides,54.73,12.79,22.0,22.0,3.0,S2
site_54.73_12.79,2003,Parvicardium ovale,54.73,12.79,22.0,22.0,14.0,S2
site_54.73_12.79,2003,Phyllodoce (Anaitides) mucosa,54.73,12.79,22.0,22.0,102.0,S2
site_54.73_12.79,2003,Polydora (Polydora) quadrilobata,54.73,12.79,22.0,22.0,3.0,S2
site_54.73_12.79,2003,Prostoma obscura,54.73,12.79,22.0,22.0,24.0,S2
site_54.73_12.79,2003,Retusa obtusa,54.73,12.79,22.0,22.0,7.0,S2
site_54.73_12.79,2003,Retusa truncatula,54.73,12.79,22.0,22.0,14.0,S2
site_54.73_12.79,2003,Scoloplos armiger,54.73,12.79,22.0,22.0,173.0,S2
site_54.73_12.79,2003,Spio goniocephala,54.73,12.79,22.0,22.0,75.0,S2
site_54.73_12.79,2003,Travisia forbesii,54.73,12.79,22.0,22.0,58.0,S2
site_54.73_12.79,2003,Tubifex costatus,54.73,12.79,22.0,22.0,10.0,S2
site_54.73_12.79,2003,Tubificoides benedeni,54.73,12.79,22.0,22.0,14.0,S2
site_54.73_12.79,2004,Ampharete baltica,54.73,12.79,22.0,22.0,95.0,S2
site_54.73_12.79,2004,Arctica islandica,54.73,12.79,22.0,22.0,3.0,S2
site_54.73_12.79,2004,Arenicola marina,54.73,12.79,22.0,22.0,1.0,S2
site_54.73_12.79,2004,Aricidea suecica,54.73,12.79,22.0,22.0,10.0,S2
site_54.73_12.79,2004,Astarte borealis,54.73,12.79,22.0,22.0,160.0,S2
site_54.73_12.79,2004,Asterias rubens,54.73,12.79,22.0,22.0,1.0,S2
site_54.73_12.79,2004,Cerastoderma glaucum,54.73,12.79,22.0,22.0,58.0,S2
site_54.73_12.79,2004,Corophium crassicorne,54.73,12.79,22.0,22.0,78.0,S2
site_54.73_12.79,2004,Crangon crangon,54.73,12.79,22.0,22.0,1.0,S2
site_54.73_12.79,2004,Diastylis rathkei,54.73,12.79,22.0,22.0,17.0,S2
site_54.73_12.79,2004,Eucratea loricata,54.73,12.79,22.0,22.0,1.0,S2
site_54.73_12.79,2004,Gastrosaccus spinifer,54.73,12.79,22.0,22.0,3.0,S2
site_54.73_12.79,2004,Halicryptus spinulosus,54.73,12.79,22.0,22.0,10.0,S2
site_54.73_12.79,2004,Heteromastus filiformis,54.73,12.79,22.0,22.0,7.0,S2
site_54.73_12.79,2004,Hydrobia ulvae,54.73,12.79,22.0,22.0,303.0,S2
site_54.73_12.79,2004,Lagis koreni,54.73,12.79,22.0,22.0,3.0,S2
site_54.73_12.79,2004,Lineus ruber,54.73,12.79,22.0,22.0,24.0,S2
site_54.73_12.79,2004,Macoma balthica,54.73,12.79,22.0,22.0,167.0,S2
site_54.73_12.79,2004,Mya arenaria,54.73,12.79,22.0,22.0,231.0,S2
site_54.73_12.79,2004,Mysella bidentata,54.73,12.79,22.0,22.0,3.0,S2
site_54.73_12.79,2004,Mytilus edulis,54.73,12.79,22.0,22.0,139.0,S2
site_54.73_12.79,2004,Nemertina,54.73,12.79,22.0,22.0,24.0,S2
site_54.73_12.79,2004,Neomysis integer,54.73,12.79,22.0,22.0,1.0,S2
site_54.73_12.79,2004,Nephtys caeca,54.73,12.79,22.0,22.0,3.0,S2
site_54.73_12.79,2004,Odostomia rissoides,54.73,12.79,22.0,22.0,3.0,S2
site_54.73_12.79,2004,Polydora (Polydora) quadrilobata,54.73,12.79,22.0,22.0,3.0,S2
site_54.73_12.79,2004,Pygospio elegans,54.73,12.79,22.0,22.0,14.0,S2
site_54.73_12.79,2004,Retusa obtusa,54.73,12.79,22.0,22.0,14.0,S2
site_54.73_12.79,2004,Retusa truncatula,54.73,12.79,22.0,22.0,3.0,S2
site_54.73_12.79,2004,Scoloplos armiger,54.73,12.79,22.0,22.0,187.0,S2
site_54.73_12.79,2004,Spio goniocephala,54.73,12.79,22.0,22.0,48.0,S2
site_54.73_12.79,2004,Travisia forbesii,54.73,12.79,22.0,22.0,58.0,S2
site_54.73_12.79,2004,Tubifex costatus,54.73,12.79,22.0,22.0,3.0,S2
site_54.73_12.79,2004,Tubificoides benedeni,54.73,12.79,22.0,22.0,10.0,S2
site_55.0_14.08,1984,Arctica islandica,55.0,14.08,48.0,48.0,14.0,S3
site_55.0_14.08,1984,Astarte elliptica,55.0,14.08,48.0,48.0,27.0,S3
site_55.0_14.08,1984,Halicryptus spinulosus,55.0,14.08,48.0,48.0,5.0,S3
site_55.0_14.08,1984,Heteromastus filiformis,55.0,14.08,48.0,48.0,5.0,S3
site_55.0_14.08,1985,Arctica islandica,55.0,14.08,48.0,48.0,14.5,S3
site_55.0_14.08,1985,Astarte elliptica,55.0,14.08,48.0,48.0,29.5,S3
site_55.0_14.08,1985,Halicryptus spinulosus,55.0,14.08,48.0,48.0,4.0,S3
site_55.0_14.08,1985,Heteromastus filiformis,55.0,14.08,48.0,48.0,7.0,S3
site_55.0_14.08,1985,Capitella capitata,55.0,14.08,48.0,48.0,3.0,S3
site_55.0_14.08,1985,Diastylis rathkei,55.0,14.08,48.0,48.0,4.5,S3
site_55.0_14.08,1985,Trochochaeta multisetosa,55.0,14.08,48.0,48.0,1.5,S3
site_55.0_14.08,1986,Arctica islandica,55.0,14.08,48.0,48.0,15.0,S3
site_55.0_14.08,1986,Astarte elliptica,55.0,14.08,48.0,48.0,32.0,S3
site_55.0_14.08,1986,Capitella capitata,55.0,14.08,48.0,48.0,6.0,S3
site_55.0_14.08,1986,Diastylis rathkei,55.0,14.08,48.0,48.0,9.0,S3
site_55.0_14.08,1986,Halicryptus spinulosus,55.0,14.08,48.0,48.0,3.0,S3
site_55.0_14.08,1986,Heteromastus filiformis,55.0,14.08,48.0,48.0,9.0,S3
site_55.0_14.08,1986,Trochochaeta multisetosa,55.0,14.08,48.0,48.0,3.0,S3
site_55.0_14.08,1987,Arctica islandica,55.0,14.08,48.0,48.0,3.0,S3
site_55.0_14.08,1987,Bylgides sarsi,55.0,14.08,48.0,48.0,18.0,S3
site_55.0_14.08,1987,Diastylis rathkei,55.0,14.08,48.0,48.0,6.0,S3
site_55.0_14.08,1987,Heteromastus filiformis,55.0,14.08,48.0,48.0,3.0,S3
site_55.0_14.08,1987,Macoma balthica,55.0,14.08,48.0,48.0,15.0,S3
site_55.0_14.08,1987,Neomysis integer,55.0,14.08,48.0,48.0,3.0,S3
site_55.0_14.08,1987,Pontoporeia femorata,55.0,14.08,48.0,48.0,3.0,S3
site_55.0_14.08,1987,Trochochaeta multisetosa,55.0,14.08,48.0,48.0,3.0,S3
site_55.0_14.08,1988,Arctica islandica,55.0,14.08,48.0,48.0,1.5,S3
site_55.0_14.08,1988,Bylgides sarsi,55.0,14.08,48.0,48.0,13.5,S3
site_55.0_14.08,1988,Diastylis rathkei,55.0,14.08,48.0,48.0,3.0,S3
site_55.0_14.08,1988,Heteromastus filiformis,55.0,14.08,48.0,48.0,1.5,S3
site_55.0_14.08,1988,Macoma balthica,55.0,14.08,48.0,48.0,9.0,S3
site_55.0_14.08,1988,Neomysis integer,55.0,14.08,48.0,48.0,1.5,S3
site_55.0_14.08,1988,Pontoporeia femorata,55.0,14.08,48.0,48.0,1.5,S3
site_55.0_14.08,1988,Trochochaeta multisetosa,55.0,14.08,48.0,48.0,1.5,S3
site_55.0_14.08,1988,Scoloplos armiger,55.0,14.08,48.0,48.0,3.0,S3
site_55.0_14.08,1989,Bylgides sarsi,55.0,14.08,48.0,48.0,9.0,S3
site_55.0_14.08,1989,Macoma balthica,55.0,14.08,48.0,48.0,3.0,S3
site_55.0_14.08,1989,Scoloplos armiger,55.0,14.08,48.0,48.0,6.0,S3
site_55.0_14.08,1990,Capitella capitata,55.0,14.08,48.0,48.0,15.0,S3
site_55.0_14.08,1990,Crangon crangon,55.0,14.08,48.0,48.0,3.0,S3
site_55.0_14.08,1990,Diastylis rathkei,55.0,14.08,48.0,48.0,38.0,S3
site_55.0_14.08,1990,Macoma balthica,55.0,14.08,48.0,48.0,6.0,S3
site_55.0_14.08,1990,Mysella bidentata,55.0,14.08,48.0,48.0,3.0,S3
site_55.0_14.08,1990,Neomysis integer,55.0,14.08,48.0,48.0,3.0,S3
site_55.0_14.08,1990,Polydora ciliata,55.0,14.08,48.0,48.0,3.0,S3
site_55.0_14.08,1990,Scoloplos armiger,55.0,14.08,48.0,48.0,103.0,S3
site_55.0_14.08,1991,Arctica islandica,55.0,14.08,48.0,48.0,3.0,S3
site_55.0_14.08,1991,Bylgides sarsi,55.0,14.08,48.0,48.0,9.0,S3
site_55.0_14.08,1991,Diastylis rathkei,55.0,14.08,48.0,48.0,75.0,S3
site_55.0_14.08,1991,Halicryptus spinulosus,55.0,14.08,48.0,48.0,13.0,S3
site_55.0_14.08,1991,Macoma balthica,55.0,14.08,48.0,48.0,31.0,S3
site_55.0_14.08,1991,Priapulus caudatus,55.0,14.08,48.0,48.0,3.0,S3
site_55.0_14.08,1991,Scoloplos armiger,55.0,14.08,48.0,48.0,940.0,S3
site_55.0_14.08,1992,Arctica islandica,55.0,14.08,48.0,48.0,1.5,S3
site_55.0_14.08,1992,Bylgides sarsi,55.0,14.08,48.0,48.0,17.0,S3
site_55.0_14.08,1992,Diastylis rathkei,55.0,14.08,48.0,48.0,37.5,S3
site_55.0_14.08,1992,Halicryptus spinulosus,55.0,14.08,48.0,48.0,6.5,S3
site_55.0_14.08,1992,Macoma balthica,55.0,14.08,48.0,48.0,18.5,S3
site_55.0_14.08,1992,Priapulus caudatus,55.0,14.08,48.0,48.0,1.5,S3
site_55.0_14.08,1992,Scoloplos armiger,55.0,14.08,48.0,48.0,728.0,S3
site_55.0_14.08,1992,Hydrobia ulvae,55.0,14.08,48.0,48.0,9.5,S3
site_55.0_14.08,1992,Polydora,55.0,14.08,48.0,48.0,6.5,S3
site_55.0_14.08,1992,Trochochaeta multisetosa,55.0,14.08,48.0,48.0,4.5,S3
site_55.0_14.08,1993,Bylgides sarsi,55.0,14.08,48.0,48.0,25.0,S3
site_55.0_14.08,1993,Hydrobia ulvae,55.0,14.08,48.0,48.0,19.0,S3
site_55.0_14.08,1993,Macoma balthica,55.0,14.08,48.0,48.0,6.0,S3
site_55.0_14.08,1993,Polydora,55.0,14.08,48.0,48.0,13.0,S3
site_55.0_14.08,1993,Scoloplos armiger,55.0,14.08,48.0,48.0,516.0,S3
site_55.0_14.08,1993,Trochochaeta multisetosa,55.0,14.08,48.0,48.0,9.0,S3
site_55.0_14.08,1994,Bylgides sarsi,55.0,14.08,48.0,48.0,13.0,S3
site_55.0_14.08,1994,Diastylis rathkei,55.0,14.08,48.0,48.0,3.0,S3
site_55.0_14.08,1994,Halicryptus spinulosus,55.0,14.08,48.0,48.0,6.0,S3
site_55.0_14.08,1994,Heteromastus filiformis,55.0,14.08,48.0,48.0,16.0,S3
site_55.0_14.08,1994,Polydora ciliata,55.0,14.08,48.0,48.0,6.0,S3
site_55.0_14.08,1995,Arctica islandica,55.0,14.08,48.0,48.0,3.0,S3
site_55.0_14.08,1995,Capitella capitata,55.0,14.08,48.0,48.0,6.0,S3
site_55.0_14.08,1995,Diastylis rathkei,55.0,14.08,48.0,48.0,13.0,S3
site_55.0_14.08,1995,Macoma balthica,55.0,14.08,48.0,48.0,3.0,S3
site_55.0_14.08,1995,Mysis mixta,55.0,14.08,48.0,48.0,9.0,S3
site_55.0_14.08,1995,Oligochaeta,55.0,14.08,48.0,48.0,3.0,S3
site_55.0_14.08,1996,Arctica islandica,55.0,14.08,48.0,48.0,1.5,S3
site_55.0_14.08,1996,Capitella capitata,55.0,14.08,48.0,48.0,3.0,S3
site_55.0_14.08,1996,Diastylis rathkei,55.0,14.08,48.0,48.0,84.0,S3
site_55.0_14.08,1996,Macoma balthica,55.0,14.08,48.0,48.0,7.0,S3
site_55.0_14.08,1996,Mysis mixta,55.0,14.08,48.0,48.0,4.5,S3
site_55.0_14.08,1996,Oligochaeta,55.0,14.08,48.0,48.0,1.5,S3
site_55.0_14.08,1996,Bylgides sarsi,55.0,14.08,48.0,48.0,6.5,S3
site_55.0_14.08,1996,Halicryptus spinulosus,55.0,14.08,48.0,48.0,2.0,S3
site_55.0_14.08,1996,Heteromastus filiformis,55.0,14.08,48.0,48.0,2.0,S3
site_55.0_14.08,1996,Mytilus edulis,55.0,14.08,48.0,48.0,1.0,S3
site_55.0_14.08,1996,Phyllodoce (Anaitides) mucosa,55.0,14.08,48.0,48.0,1.0,S3
site_55.0_14.08,1996,Polydora (Polydora) quadrilobata,55.0,14.08,48.0,48.0,2.0,S3
site_55.0_14.08,1996,Pontoporeia femorata,55.0,14.08,48.0,48.0,21.0,S3
site_55.0_14.08,1996,Priapulus caudatus,55.0,14.08,48.0,48.0,8.5,S3
site_55.0_14.08,1996,Scoloplos armiger,55.0,14.08,48.0,48.0,54.5,S3
site_55.0_14.08,1996,Trochochaeta multisetosa,55.0,14.08,48.0,48.0,5.5,S3
site_55.0_14.08,1996,Turbellaria,55.0,14.08,48.0,48.0,1.0,S3
site_55.0_14.08,1997,Bylgides sarsi,55.0,14.08,48.0,48.0,13.0,S3
site_55.0_14.08,1997,Diastylis rathkei,55.0,14.08,48.0,48.0,155.0,S3
site_55.0_14.08,1997,Halicryptus spinulosus,55.0,14.08,48.0,48.0,4.0,S3
site_55.0_14.08,1997,Heteromastus filiformis,55.0,14.08,48.0,48.0,4.0,S3
site_55.0_14.08,1997,Macoma balthica,55.0,14.08,48.0,48.0,11.0,S3
site_55.0_14.08,1997,Mytilus edulis,55.0,14.08,48.0,48.0,2.0,S3
site_55.0_14.08,1997,Phyllodoce (Anaitides) mucosa,55.0,14.08,48.0,48.0,2.0,S3
site_55.0_14.08,1997,Polydora (Polydora) quadrilobata,55.0,14.08,48.0,48.0,4.0,S3
site_55.0_14.08,1997,Pontoporeia femorata,55.0,14.08,48.0,48.0,42.0,S3
site_55.0_14.08,1997,Priapulus caudatus,55.0,14.08,48.0,48.0,17.0,S3
site_55.0_14.08,1997,Scoloplos armiger,55.0,14.08,48.0,48.0,109.0,S3
site_55.0_14.08,1997,Trochochaeta multisetosa,55.0,14.08,48.0,48.0,11.0,S3
site_55.0_14.08,1997,Turbellaria,55.0,14.08,48.0,48.0,2.0,S3
site_55.0_14.08,1998,Ampharete acutifrons,55.0,14.08,48.0,48.0,126.0,S3
site_55.0_14.08,1998,Arctica islandica,55.0,14.08,48.0,48.0,6.0,S3
site_55.0_14.08,1998,Astarte elliptica,55.0,14.08,48.0,48.0,1.0,S3
site_55.0_14.08,1998,Bylgides sarsi,55.0,14.08,48.0,48.0,28.0,S3
site_55.0_14.08,1998,Corbula gibba,55.0,14.08,48.0,48.0,3.0,S3
site_55.0_14.08,1998,Diastylis rathkei,55.0,14.08,48.0,48.0,85.0,S3
site_55.0_14.08,1998,Halicryptus spinulosus,55.0,14.08,48.0,48.0,13.0,S3
site_55.0_14.08,1998,Heteromastus filiformis,55.0,14.08,48.0,48.0,3.0,S3
site_55.0_14.08,1998,Hydrobia ulvae,55.0,14.08,48.0,48.0,3.0,S3
site_55.0_14.08,1998,Macoma balthica,55.0,14.08,48.0,48.0,19.0,S3
site_55.0_14.08,1998,Mysis mixta,55.0,14.08,48.0,48.0,1.0,S3
site_55.0_14.08,1998,Mytilus edulis,55.0,14.08,48.0,48.0,1.0,S3
site_55.0_14.08,1998,Nephtys ciliata,55.0,14.08,48.0,48.0,1.0,S3
site_55.0_14.08,1998,Nephtys hombergii,55.0,14.08,48.0,48.0,1.0,S3
site_55.0_14.08,1998,Polydora (Polydora) quadrilobata,55.0,14.08,48.0,48.0,31.0,S3
site_55.0_14.08,1998,Pontoporeia femorata,55.0,14.08,48.0,48.0,82.0,S3
site_55.0_14.08,1998,Scoloplos armiger,55.0,14.08,48.0,48.0,157.0,S3
site_55.0_14.08,1998,Trochochaeta multisetosa,55.0,14.08,48.0,48.0,1.0,S3
site_55.0_14.08,1999,Ampharete acutifrons,55.0,14.08,48.0,48.0,66.0,S3
site_55.0_14.08,1999,Arctica islandica,55.0,14.08,48.0,48.0,4.5,S3
site_55.0_14.08,1999,Astarte elliptica,55.0,14.08,48.0,48.0,0.5,S3
site_55.0_14.08,1999,Bylgides sarsi,55.0,14.08,48.0,48.0,22.0,S3
site_55.0_14.08,1999,Corbula gibba,55.0,14.08,48.0,48.0,1.5,S3
site_55.0_14.08,1999,Diastylis rathkei,55.0,14.08,48.0,48.0,49.0,S3
site_55.0_14.08,1999,Halicryptus spinulosus,55.0,14.08,48.0,48.0,9.5,S3
site_55.0_14.08,1999,Heteromastus filiformis,55.0,14.08,48.0,48.0,6.0,S3
site_55.0_14.08,1999,Hydrobia ulvae,55.0,14.08,48.0,48.0,1.5,S3
site_55.0_14.08,1999,Macoma balthica,55.0,14.08,48.0,48.0,11.0,S3
site_55.0_14.08,1999,Mysis mixta,55.0,14.08,48.0,48.0,0.5,S3
site_55.0_14.08,1999,Mytilus edulis,55.0,14.08,48.0,48.0,0.5,S3
site_55.0_14.08,1999,Nephtys ciliata,55.0,14.08,48.0,48.0,0.5,S3
site_55.0_14.08,1999,Nephtys hombergii,55.0,14.08,48.0,48.0,0.5,S3
site_55.0_14.08,1999,Polydora (Polydora) quadrilobata,55.0,14.08,48.0,48.0,20.0,S3
site_55.0_14.08,1999,Pontoporeia femorata,55.0,14.08,48.0,48.0,41.0,S3
site_55.0_14.08,1999,Scoloplos armiger,55.0,14.08,48.0,48.0,80.0,S3
site_55.0_14.08,1999,Trochochaeta multisetosa,55.0,14.08,48.0,48.0,0.5,S3
site_55.0_14.08,2000,Ampharete acutifrons,55.0,14.08,48.0,48.0,6.0,S3
site_55.0_14.08,2000,Arctica islandica,55.0,14.08,48.0,48.0,3.0,S3
site_55.0_14.08,2000,Bylgides sarsi,55.0,14.08,48.0,48.0,16.0,S3
site_55.0_14.08,2000,Diastylis rathkei,55.0,14.08,48.0,48.0,13.0,S3
site_55.0_14.08,2000,Halicryptus spinulosus,55.0,14.08,48.0,48.0,6.0,S3
site_55.0_14.08,2000,Heteromastus filiformis,55.0,14.08,48.0,48.0,9.0,S3
site_55.0_14.08,2000,Macoma balthica,55.0,14.08,48.0,48.0,3.0,S3
site_55.0_14.08,2000,Polydora (Polydora) quadrilobata,55.0,14.08,48.0,48.0,9.0,S3
site_55.0_14.08,2000,Scoloplos armiger,55.0,14.08,48.0,48.0,3.0,S3
site_55.0_14.08,2001,Alcyonidium polyoum,55.0,14.08,48.0,48.0,1.0,S3
site_55.0_14.08,2001,Ampharete acutifrons,55.0,14.08,48.0,48.0,7.0,S3
site_55.0_14.08,2001,Arctica islandica,55.0,14.08,48.0,48.0,7.0,S3
site_55.0_14.08,2001,Astarte elliptica,55.0,14.08,48.0,48.0,1.0,S3
site_55.0_14.08,2001,Bylgides sarsi,55.0,14.08,48.0,48.0,9.0,S3
site_55.0_14.08,2001,Diastylis rathkei,55.0,14.08,48.0,48.0,137.0,S3
site_55.0_14.08,2001,Eucratea loricata,55.0,14.08,48.0,48.0,1.0,S3
site_55.0_14.08,2001,Halicryptus spinulosus,55.0,14.08,48.0,48.0,2.0,S3
site_55.0_14.08,2001,Heteromastus filiformis,55.0,14.08,48.0,48.0,5.0,S3
site_55.0_14.08,2001,Macoma balthica,55.0,14.08,48.0,48.0,28.0,S3
site_55.0_14.08,2001,Mytilus edulis,55.0,14.08,48.0,48.0,1.0,S3
site_55.0_14.08,2001,Nephtys hombergii,55.0,14.08,48.0,48.0,2.0,S3
site_55.0_14.08,2001,Polydora (Polydora) quadrilobata,55.0,14.08,48.0,48.0,5.0,S3
site_55.0_14.08,2001,Pontoporeia femorata,55.0,14.08,48.0,48.0,5.0,S3
site_55.0_14.08,2001,Scoloplos armiger,55.0,14.08,48.0,48.0,50.0,S3
site_55.0_14.08,2001,Terebellides stroemii,55.0,14.08,48.0,48.0,1.0,S3
site_55.0_14.08,2001,Trochochaeta multisetosa,55.0,14.08,48.0,48.0,5.0,S3
site_55.0_14.08,2002,Ampharete acutifrons,55.0,14.08,48.0,48.0,13.0,S3
site_55.0_14.08,2002,Arctica islandica,55.0,14.08,48.0,48.0,1.0,S3
site_55.0_14.08,2002,Bylgides sarsi,55.0,14.08,48.0,48.0,19.0,S3
site_55.0_14.08,2002,Diastylis rathkei,55.0,14.08,48.0,48.0,16.0,S3
site_55.0_14.08,2002,Electra crustulenta,55.0,14.08,48.0,48.0,1.0,S3
site_55.0_14.08,2002,Halicryptus spinulosus,55.0,14.08,48.0,48.0,3.0,S3
site_55.0_14.08,2002,Heteromastus filiformis,55.0,14.08,48.0,48.0,16.0,S3
site_55.0_14.08,2002,Lagis koreni,55.0,14.08,48.0,48.0,1.0,S3
site_55.0_14.08,2002,Macoma balthica,55.0,14.08,48.0,48.0,28.0,S3
site_55.0_14.08,2002,Mytilus edulis,55.0,14.08,48.0,48.0,6.0,S3
site_55.0_14.08,2002,Neomysis integer,55.0,14.08,48.0,48.0,6.0,S3
site_55.0_14.08,2002,Nephtys hombergii,55.0,14.08,48.0,48.0,6.0,S3
site_55.0_14.08,2002,Polydora (Polydora) quadrilobata,55.0,14.08,48.0,48.0,82.0,S3
site_55.0_14.08,2002,Pontoporeia femorata,55.0,14.08,48.0,48.0,9.0,S3
site_55.0_14.08,2002,Priapulus caudatus,55.0,14.08,48.0,48.0,9.0,S3
site_55.0_14.08,2002,Scoloplos armiger,55.0,14.08,48.0,48.0,381.0,S3
site_55.0_14.08,2003,Ampharete acutifrons,55.0,14.08,48.0,48.0,1.0,S3
site_55.0_14.08,2003,Arctica islandica,55.0,14.08,48.0,48.0,1.0,S3
site_55.0_14.08,2003,Astarte borealis,55.0,14.08,48.0,48.0,1.0,S3
site_55.0_14.08,2003,Bylgides sarsi,55.0,14.08,48.0,48.0,44.0,S3
site_55.0_14.08,2003,Capitella capitata,55.0,14.08,48.0,48.0,3.0,S3
site_55.0_14.08,2003,Diastylis rathkei,55.0,14.08,48.0,48.0,135.0,S3
site_55.0_14.08,2003,Electra crustulenta,55.0,14.08,48.0,48.0,1.0,S3
site_55.0_14.08,2003,Eteone longa,55.0,14.08,48.0,48.0,3.0,S3
site_55.0_14.08,2003,Eucratea loricata,55.0,14.08,48.0,48.0,1.0,S3
site_55.0_14.08,2003,Eulalia bilineata,55.0,14.08,48.0,48.0,3.0,S3
site_55.0_14.08,2003,Halicryptus spinulosus,55.0,14.08,48.0,48.0,1.0,S3
site_55.0_14.08,2003,Heteromastus filiformis,55.0,14.08,48.0,48.0,3.0,S3
site_55.0_14.08,2003,Macoma balthica,55.0,14.08,48.0,48.0,57.0,S3
site_55.0_14.08,2003,Musculus discors,55.0,14.08,48.0,48.0,1.0,S3
site_55.0_14.08,2003,Mytilus edulis,55.0,14.08,48.0,48.0,1.0,S3
site_55.0_14.08,2003,Nephtys hombergii,55.0,14.08,48.0,48.0,3.0,S3
site_55.0_14.08,2003,Phyllodoce (Anaitides) mucosa,55.0,14.08,48.0,48.0,6.0,S3
site_55.0_14.08,2003,Polydora (Polydora) quadrilobata,55.0,14.08,48.0,48.0,60.0,S3
site_55.0_14.08,2003,Pontoporeia femorata,55.0,14.08,48.0,48.0,35.0,S3
site_55.0_14.08,2003,Priapulus caudatus,55.0,14.08,48.0,48.0,6.0,S3
site_55.0_14.08,2003,Scoloplos armiger,55.0,14.08,48.0,48.0,204.0,S3
site_55.0_14.08,2003,Terebellides stroemii,55.0,14.08,48.0,48.0,3.0,S3
site_55.0_14.08,2003,Trochochaeta multisetosa,55.0,14.08,48.0,48.0,25.0,S3
site_55.0_14.08,2004,Abra alba,55.0,14.08,48.0,48.0,16.0,S3
site_55.0_14.08,2004,Arctica islandica,55.0,14.08,48.0,48.0,16.0,S3
site_55.0_14.08,2004,Astarte borealis,55.0,14.08,48.0,48.0,1.0,S3
site_55.0_14.08,2004,Bylgides sarsi,55.0,14.08,48.0,48.0,3.0,S3
site_55.0_14.08,2004,Crangon crangon,55.0,14.08,48.0,48.0,1.0,S3
site_55.0_14.08,2004,Diastylis rathkei,55.0,14.08,48.0,48.0,192.0,S3
site_55.0_14.08,2004,Halicryptus spinulosus,55.0,14.08,48.0,48.0,3.0,S3
site_55.0_14.08,2004,Macoma balthica,55.0,14.08,48.0,48.0,38.0,S3
site_55.0_14.08,2004,Mytilus edulis,55.0,14.08,48.0,48.0,1.0,S3
site_55.0_14.08,2004,Neomysis integer,55.0,14.08,48.0,48.0,1.0,S3
site_55.0_14.08,2004,Nephtys ciliata,55.0,14.08,48.0,48.0,25.0,S3
site_55.0_14.08,2004,Nephtys hombergii,55.0,14.08,48.0,48.0,16.0,S3
site_55.0_14.08,2004,Pontoporeia femorata,55.0,14.08,48.0,48.0,16.0,S3
site_55.0_14.08,2004,Priapulus caudatus,55.0,14.08,48.0,48.0,1.0,S3
site_55.0_14.08,2004,Terebellides stroemii,55.0,14.08,48.0,48.0,3.0,S3
site_55.0_14.08,2004,Trochochaeta multisetosa,55.0,14.08,48.0,48.0,3.0,S3
